time,close
1164160800,1705.441
1164247200,1704.13
1164333600,1717.73
1164592800,1728.933
1164679200,1691.084
1164765600,1713.397
1164852000,1718.9611
1164938400,1734.75
1165197600,1731.235
1165284000,1776.7581
1165370400,1784.428
1165456800,1782.116
1165543200,1775.285
1165802400,1759.673
1165888800,1754.578
1165975200,1753.798
1166061600,1767.802
1166148000,1792.1639
1166407200,1787.62
1166493600,1736.67
1166580000,1766.799
1166666400,1789.0861
1166752800,1785.76
1167098400,1783.979
1167184800,1803.264
1167271200,1805.5229
1167357600,1805.5229
1167789600,1834.709
1167876000,1824.103
1167962400,1832.55
1168221600,1813.394
1168308000,1780.881
1168394400,1710.3669
1168480800,1703.844
1168567200,1678.0439
1168826400,1730.475
1168912800,1754.2939
1168999200,1758.483
1169085600,1777.708
1169172000,1795.559
1169431200,1817.4091
1169517600,1808.575
1169604000,1805.692
1169690400,1773.9561
1169776800,1759.2061
1170036000,1764.995
1170122400,1765.522
1170208800,1757.2581
1170295200,1771.326
1170381600,1780.381
1170640800,1768.5389
1170727200,1761.293
1170813600,1764.9091
1170900000,1751.319
1170986400,1740.317
1171245600,1734.462
1171332000,1727.36
1171418400,1750.986
1171504800,1790.405
1171591200,1794.363
1172023200,1816.566
1172109600,1808.441
1172196000,1791.553
1172455200,1783.951
1172541600,1764.0081
1172628000,1740.9709
1172714400,1759.49
1172800800,1760.019
1173060000,1698.8199
1173146400,1732.438
1173232800,1743.189
1173319200,1771.558
1173405600,1764.582
1173664800,1794.522
1173751200,1797.402
1173837600,1762.2841
1173924000,1776.361
1174010400,1777.89
1174356000,1775.423
1174442400,1779.2371
1174528800,1809.066
1174615200,1805.9611
1174874400,1813.718
1174960800,1819.66
1175047200,1800.392
1175133600,1817.719
1175220000,1830.924
1175479200,1849.384
1175565600,1894.576
1175652000,1922.051
1175738400,1895.611
1176084000,1913.735
1176170400,1925.4709
1176256800,1931.0439
1176343200,1930.397
1176429600,1941.152
1176688800,1963.822
1176775200,1965.438
1176861600,1959.677
1176948000,1918.353
1177034400,1968.731
1177293600,1986.7271
1177380000,1981.5699
1177466400,1986.671
1177552800,2016.033
1177639200,2019.676
1177898400,1999.167
1178071200,2008.559
1178157600,2025.644
1178244000,2033.368
1178503200,2037.041
1178589600,2022.79
1178676000,2037.978
1178762400,2047.031
1178848800,2022.297
1179108000,2044.2111
1179194400,2037.783
1179280800,2063.7629
1179712800,2071.272
1179799200,2078.7539
1179885600,2104.2461
1179972000,2078.605
1180058400,2060.4341
1180317600,2076.7581
1180404000,2058.7361
1180490400,2055.396
1180922400,2111.752
1181008800,2093.1101
1181095200,2102.4441
1181181600,2093.811
1181268000,2054.45
1181527200,2084.0291
1181613600,2108.5801
1181700000,2088.6011
1181786400,2108.4121
1181872800,2120.6399
1182132000,2126.4929
1182218400,2142.186
1182304800,2161.074
1182391200,2152.3401
1182477600,2152.321
1182736800,2152.2029
1182823200,2153.542
1182909600,2125.3379
1182996000,2112.8511
1183082400,2139.2781
1183341600,2167.8201
1183428000,2189.1189
1183514400,2196.105
1183600800,2220.9309
1183687200,2227.051
1183946400,2271.344
1184032800,2282.3789
1184119200,2273.417
1184205600,2284.916
1184292000,2301.6011
1184551200,2286.218
1184637600,2301.342
1184724000,2294.5911
1184810400,2333.6831
1184896800,2366.396
1185156000,2380.21
1185242400,2401.144
1185328800,2394.5649
1185415200,2365.2629
1185501600,2298.4141
1185760800,2301.552
1185847200,2348.6731
1185933600,2256.3081
1186020000,2270.854
1186106400,2269.791
1186365600,2189.1069
1186452000,2174.071
1186538400,2262.636
1186711200,2207.396
1186970400,2211.4551
1187056800,2168.6379
1187143200,2029.083
1187229600,1908.635
1187575200,2041.584
1187661600,1993.007
1187748000,2062.991
1187834400,2117.6599
1187920800,2143.1089
1188180000,2175.353
1188266400,2159.6089
1188352800,2134.8831
1188439200,2150.7151
1188525600,2194.3391
1188784800,2213.574
1188871200,2215.1169
1188957600,2214.6221
1189044000,2220.7771
1189130400,2239.9009
1189389600,2209.6421
1189476000,2211.4131
1189562400,2209.9309
1189648800,2222.7461
1189735200,2225.6069
1189994400,2223.2209
1190080800,2239.8621
1190167200,2313.3391
1190253600,2304.6311
1190340000,2335.4871
1190599200,2353.6299
1190685600,2330.363
1190772000,2361.0129
1190858400,2378.8301
1190944800,2359.2061
1191204000,2399.4561
1191290400,2464.9431
1191376800,2451.5859
1191463200,2473.155
1191549600,2500.5811
1191808800,2523.7009
1191895200,2546.6079
1191981600,2591.4829
1192068000,2638.2129
1192586400,2641.5901
1192672800,2616.74
1192759200,2563.752
1193018400,2453.2109
1193104800,2553.7991
1193191200,2524.981
1193277600,2596.6631
1193364000,2624.4319
1193623200,2667.532
1193709600,2662.9221
1193796000,2643.4871
1193882400,2704.657
1193968800,2710.6169
1194228000,2652.478
1194314400,2681.9021
1194400800,2713.978
1194573600,2707.667
1194832800,2671.9021
1194919200,2654.208
1195005600,2691.8711
1195092000,2705.8201
1195178400,2668.7041
1195437600,2646.813
1195524000,2624.8621
1195610400,2563.6211
1195696800,2569.5139
1195783200,2584.3469
1196042400,2648.0439
1196128800,2627.9541
1196215200,2671.895
1196301600,2699.8169
1196388000,2688.332
1196647200,2726.925
1196733600,2752.9431
1196820000,2768.0581
1196906400,2795.3989
1196992800,2778.947
1197252000,2790.2649
1197338400,2810.9619
1197424800,2795.8391
1197597600,2740.061
1197856800,2664.918
1197943200,2646.228
1198029600,2657.9771
1198634400,2714.5481
1198720800,2739.7041
1198807200,2745.8259
1199066400,2745.8259
1199239200,2731.5071
1199325600,2715.0649
1199412000,2765.1899
1199671200,2776.4099
1199757600,2785.625
1199844000,2830.2629
1200276000,2810.3721
1200362400,2730.031
1200448800,2592.311
1200535200,2649.2791
1200621600,2611.1321
1200880800,2485.8789
1200967200,2294.5239
1201053600,2476.2781
1201140000,2516.7009
1201226400,2620.4929
1201485600,2582.0491
1201572000,2607.843
1201658400,2610.3589
1201744800,2627.251
1201831200,2646.821
1202090400,2701.6289
1202176800,2704.2471
1202263200,2639.0869
1202695200,2589.3821
1202781600,2592.0701
1202868000,2610.781
1202954400,2675.645
1203040800,2688.1909
1203300000,2684.7019
1203386400,2711.8721
1203472800,2689.2561
1203559200,2734.21
1203645600,2741.1809
1203904800,2751.8621
1203991200,2738.8721
1204077600,2740.1379
1204164000,2756.314
1204250400,2721.9441
1204509600,2652.312
1204596000,2634.752
1204682400,2639.6521
1204768800,2656.4561
1205114400,2527.8669
1205200800,2523.5339
1205287200,2556.2419
1205373600,2440.592
1205460000,2383.4199
1205719200,2312.321
1205805600,2339.7949
1205892000,2323.5659
1206324000,2339.2939
1206410400,2419.616
1206496800,2440.6399
1206583200,2451.3501
1206669600,2477.5859
1206928800,2447.2991
1207015200,2393.249
1207101600,2342.189
1207188000,2237.9709
1207274400,2277.085
1207533600,2286.7971
1207620000,2249.77
1207706400,2180.0891
1207792800,2235.9341
1207879200,2303.929
1208138400,2272.4761
1208224800,2294.2571
1208311200,2337.9231
1208397600,2341.78
1208484000,2349.269
1208743200,2335.8889
1208829600,2289.0959
1208916000,2314.302
1209002400,2269.98
1209088800,2240.5779
1209348000,2254.3081
1209434400,2303.5259
1209520800,2304.5161
1209952800,2387.9861
1210039200,2371.8269
1210125600,2382.699
1210212000,2376.9331
1210298400,2375.0271
1210557600,2378.0029
1210644000,2418.8999
1210730400,2449.3379
1210816800,2449.811
1210903200,2468.8401
1211335200,2494.709
1211421600,2503.9519
1211508000,2465.9551
1211767200,2419.7271
1211853600,2396.999
1211940000,2433.769
1212026400,2446.9541
1212112800,2444.3491
1212372000,2427.7681
1212458400,2403.814
1212544800,2362.5879
1212631200,2399.677
1212717600,2402.2361
1212976800,2410.0769
1213063200,2373.8169
1213149600,2374.7849
1213236000,2409.0081
1213322400,2398.417
1213581600,2398.041
1213668000,2377.9761
1213754400,2364.5801
1213840800,2373.062
1213927200,2371.7759
1214186400,2362.7439
1214272800,2365.3779
1214359200,2341.3621
1214445600,2350.8921
1214532000,2332.115
1214791200,2349.105
1214877600,2378.8081
1214964000,2378.4741
1215050400,2286.6111
1215136800,2314.751
1215396000,2303.8181
1215482400,2278.9729
1215568800,2286.0259
1215655200,2276.231
1215741600,2276.853
1216000800,2259.54
1216087200,2214.8521
1216173600,2218.125
1216260000,2167.7129
1216346400,2141.135
1216605600,2195.0669
1216692000,2212.7539
1216778400,2225.844
1216864800,2257.054
1216951200,2245.344
1217210400,2275.676
1217296800,2278.6841
1217469600,2304.5081
1217556000,2248.75
1217815200,2227.675
1217901600,2185.6189
1217988000,2187.2041
1218074400,2199.011
1218160800,2195.926
1218420000,2133.9199
1218506400,2057.5791
1218592800,2063.521
1218679200,2106.6421
1218765600,2085.1479
1219111200,2042.498
1219197600,2069.698
1219284000,2088.251
1219370400,2120.491
1219629600,2127.2241
1219716000,2107.5481
1219802400,2131.063
1219888800,2144.8479
1219975200,2165.9431
1220234400,2164.6201
1220320800,2159.052
1220407200,2116
1220493600,2075.2339
1220580000,2022.564
1220839200,2037.998
1220925600,1958.752
1221012000,1885.043
1221098400,1870.1331
1221184800,1804.062
1221444000,1719.254
1221530400,1735.636
1221616800,1769.894
1221703200,1787.673
1221789600,1891.7321
1222048800,1897.342
1222135200,1873.1
1222221600,1883.551
1222308000,1870.061
1222394400,1846.0909
1223258400,1648.739
1223344800,1619.7209
1223517600,1451.6689
1223863200,1461.873
1223949600,1555.967
1224036000,1520.407
1224122400,1463.251
1224208800,1399.424
1224468000,1426.938
1224554400,1440.149
1224640800,1379.743
1224727200,1337.204
1224813600,1244.864
1225072800,1166.4091
1225159200,1111.39
1225245600,1113.624
1225332000,1173.863
1225418400,1256.704
1225677600,1352.7159
1225764000,1369.785
1225850400,1366.275
1225936800,1307.897
1226023200,1338.36
1226282400,1340.681
1226368800,1336.557
1226455200,1326.621
1226541600,1259.713
1226628000,1264.377
1226887200,1236.933
1226973600,1189.8621
1227060000,1180.3571
1227146400,1154.97
1227232800,1146.276
1227492000,1141.401
1227578400,1154.141
1227664800,1193.151
1227751200,1202.074
1227837600,1241.541
1228096800,1223.125
1228183200,1191.358
1228269600,1192.526
1228356000,1205.324
1228442400,1202.342
1228788000,1266.116
1228874400,1315.895
1228960800,1316.694
1229047200,1262.968
1229306400,1359.278
1229392800,1342.8361
1229479200,1363.984
1229565600,1351.764
1229652000,1348.285
1229911200,1345.308
1229997600,1343.7159
1230084000,1336.614
1230602400,1355.408
1231120800,1437.338
1231207200,1435.537
1231293600,1421.47
1231380000,1402.661
1231466400,1416.67
1231725600,1406.553
1231812000,1399.733
1231898400,1386.906
1231984800,1343.494
1232071200,1363.876
1232330400,1350.687
1232416800,1344.151
1232503200,1321.453
1232589600,1327.323
1232676000,1315.585
1233021600,1336.631
1233108000,1321.451
1233194400,1324.65
1233280800,1332.667
1233540000,1310.6429
1233626400,1304.3311
1233712800,1320.363
1233799200,1328.075
1233885600,1350.641
1234144800,1342.226
1234231200,1332.129
1234317600,1324.824
1234404000,1325.421
1234490400,1338.7419
1234749600,1342.002
1234836000,1318.04
1234922400,1330.61
1235008800,1323.696
1235095200,1296.942
1235354400,1312.439
1235440800,1295.869
1235527200,1300.108
1235613600,1290.321
1235700000,1285.476
1235959200,1256.109
1236045600,1264.816
1236132000,1289.38
1236218400,1288.074
1236304800,1286.693
1236650400,1300.215
1236736800,1314.519
1236823200,1310.4139
1236909600,1327.437
1237168800,1324.847
1237255200,1312.092
1237341600,1322.837
1237428000,1341.603
1237514400,1360.889
1237773600,1406.647
1237860000,1436.116
1237946400,1419.973
1238119200,1462.745
1238378400,1419.092
1238464800,1434.074
1238551200,1461.748
1238637600,1499.733
1238724000,1500.361
1238983200,1516.641
1239069600,1490.8571
1239156000,1465.75
1239588000,1540.403
1239674400,1570.261
1239760800,1593.663
1239847200,1625.087
1239933600,1634.79
1240192800,1661.845
1240279200,1628.849
1240365600,1615.2321
1240452000,1611.507
1240538400,1591.3361
1240797600,1576.0811
1240884000,1595.915
1240970400,1644.1851
1241056800,1722.766
1241143200,1729.582
1241402400,1788.147
1241488800,1772.0699
1241575200,1798.3361
1241661600,1828.8521
1241748000,1862.532
1242007200,1830.741
1242093600,1827.339
1242180000,1851.332
1242266400,1785.0031
1242352800,1750.9139
1242612000,1803.568
1242698400,1886.016
1242784800,1885.722
1242957600,1881.709
1243216800,1886.696
1243303200,1857.5861
1243389600,1892.843
1243476000,1902.876
1243562400,1916.8311
1243821600,1998.58
1243908000,1998.6429
1243994400,2010.9139
1244080800,2032.7159
1244167200,2078.9309
1244426400,2056.647
1244512800,2093.2939
1244599200,2108.814
1244685600,2089.585
1244772000,2090.9431
1245031200,2069.875
1245117600,2030.366
1245204000,2024.965
1245290400,1950.9871
1245376800,1990.472
1245636000,1975.027
1245722400,1914.385
1245808800,1995.674
1245895200,2044.171
1245981600,2040.193
1246240800,2033.7159
1246327200,2026.78
1246413600,2059.884
1246500000,2065.7529
1246586400,2075.302
1246845600,2035.01
1246932000,2083.2471
1247104800,2083.9741
1247191200,2063.094
1247450400,2020.139
1247536800,2056.5791
1247623200,2123.2781
1247709600,2117.95
1247796000,2106.353
1248141600,2146.554
1248228000,2125.615
1248314400,2160.717
1248400800,2185.6541
1248660000,2209.1011
1248746400,2237.105
1248832800,2225.812
1248919200,2298.135
1249005600,2323.2361
1249264800,2338.7971
1249351200,2360.094
1249437600,2317.063
1249524000,2359.9771
1249610400,2349.1331
1249869600,2389.562
1249956000,2399.2759
1250042400,2347.3579
1250128800,2396.49
1250215200,2386.865
1250560800,2336.9871
1250647200,2277.752
1250733600,2328.6389
1250820000,2333.897
1251079200,2375.874
1251165600,2380.521
1251252000,2380.0869
1251338400,2356.064
1251424800,2377.2471
1251684000,2341.5371
1251770400,2326.9141
1251856800,2285.925
1251943200,2322.2461
1252029600,2322.7361
1252288800,2340.3921
1252375200,2371.302
1252461600,2383.3379
1252548000,2411.863
1252634400,2415.946
1252893600,2382.7019
1252980000,2420.1089
1253066400,2439.3569
1253152800,2456.9861
1253757600,2468.9021
1253844000,2444.584
1254103200,2397.8279
1254189600,2443.8311
1254276000,2467.5911
1254362400,2477.9709
1254448800,2479.8479
1254708000,2480.4131
1254794400,2528.146
1254880800,2513.406
1254967200,2484.5181
1255053600,2474.4009
1255312800,2456.689
1255399200,2471.9919
1255485600,2511.7209
1255572000,2515.3831
1255658400,2515.8059
1255917600,2520.9241
1256004000,2502.2161
1256090400,2476.7971
1256176800,2433.1841
1256263200,2467.948
1256522400,2467.7141
1256608800,2425.2009
1256695200,2355.314
1256781600,2344.033
1256868000,2367.7009
1257127200,2371.6421
1257213600,2334.106
1257300000,2371.856
1257386400,2367.2141
1257472800,2395.106
1257732000,2406.4341
1257818400,2381.9551
1257904800,2403.8789
1257991200,2420.281
1258077600,2426.801
1258336800,2468.675
1258423200,2473.7891
1258509600,2484.229
1258596000,2468.7881
1258682400,2487.365
1258941600,2481.416
1259028000,2471.884
1259114400,2461.5281
1259200800,2393.519
1259546400,2415.8369
1259632800,2452.501
1259719200,2471.564
1259805600,2500.0371
1259892000,2511.5449
1260151200,2483.7581
1260237600,2483.8921
1260324000,2481.2971
1260410400,2486.437
1260496800,2519.0991
1260756000,2506.386
1260842400,2494.7371
1260928800,2522.5449
1261015200,2509.5759
1261360800,2431.3889
1261447200,2467.637
1261533600,2474.8831
1261965600,2509.6919
1262052000,2518.9939
1262138400,2534.356
1262570400,2575.4131
1262656800,2605.2771
1262743200,2603.2971
1262829600,2586.895
1262916000,2614.3701
1263175200,2632.2041
1263261600,2659.551
1263348000,2632.8721
1263434400,2645.1809
1263520800,2647.0901
1263780000,2642.5481
1263866400,2666.071
1263952800,2667.2661
1264039200,2638.3821
1264125600,2610.3401
1264384800,2597.8601
1264557600,2564.554
1264644000,2619.5649
1264730400,2610.7959
1264989600,2587.5491
1265076000,2580.251
1265162400,2604.5491
1265248800,2593.22
1265335200,2518.9761
1265594400,2475.572
1265680800,2489.4851
1265767200,2483.438
1265853600,2507.751
1265940000,2534.137
1266199200,2517.4561
1266285600,2558.5049
1266372000,2581.3401
1266458400,2560.0339
1266544800,2554.376
1266804000,2564.2629
1266890400,2583.6509
1266976800,2579.416
1267063200,2549.033
1267408800,2554.6741
1267495200,2576.5911
1267581600,2567.0891
1267668000,2565.645
1267754400,2578.772
1268013600,2626.4509
1268100000,2657.167
1268186400,2670.219
1268272800,2676.522
1268359200,2666.511
1268618400,2669.6079
1268791200,2756.262
1268877600,2737.2419
1268964000,2742.9741
1269223200,2702.4009
1269309600,2720.8621
1269396000,2774.8501
1269482400,2799.1489
1269568800,2813.082
1269828000,2794.771
1269914400,2798.2681
1270000800,2777.301
1270087200,2829.9961
1270432800,2887.2461
1270519200,2880.969
1270605600,2898.582
1270692000,2850.834
1270778400,2845.011
1271037600,2881.333
1271124000,2884.7
1271210400,2885.0149
1271296800,2900.53
1271383200,2878.6709
1271642400,2840.425
1271728800,2891.27
1271815200,2912.8259
1271901600,2926.532
1271988000,2924.731
1272247200,2944.709
1272333600,2939.2991
1272420000,2903.3191
1272506400,2926.8601
1272592800,2971.252
1272852000,2960.895
1272938400,2959.0149
1273024800,2846.239
1273111200,2810.616
1273197600,2739.333
1273456800,2850.427
1273543200,2812.8911
1273629600,2847.6221
1273802400,2858.385
1274061600,2819.47
1274148000,2834.186
1274234400,2729.4839
1274320800,2694.249
1274407200,2623.2209
1274666400,2609.6101
1274752800,2514.1189
1274839200,2696.78
1274925600,2713.9231
1275271200,2796.957
1275357600,2724.615
1275444000,2733.678
1275530400,2810.9771
1275616800,2823.251
1275876000,2750.2329
1275962400,2779.9829
1276048800,2785.793
1276135200,2770.7871
1276221600,2801.8989
1276480800,2826.8369
1276567200,2830.1731
1276653600,2858.6589
1276740000,2891.0979
1276826400,2929.5891
1277085600,2941.9031
1277172000,2934.5891
1277258400,2924.79
1277344800,2914.095
1277431200,2947.0229
1277690400,2955.7319
1277776800,2893.3711
1277863200,2913.6841
1277949600,2874.248
1278036000,2871.554
1278295200,2877.304
1278381600,2910.6479
1278468000,2902.0439
1278554400,2915.908
1278640800,2943.896
1278900000,2958.791
1278986400,2961.512
1279072800,2981.0591
1279159200,2980.5969
1279245600,2992.45
1279504800,2975.572
1279591200,2995.4409
1279677600,3013.4009
1279764000,3009.9231
1279850400,3042.02
1280109600,3023.699
1280196000,3041.678
1280282400,3057.4751
1280368800,3096.8159
1280455200,3069.28
1280714400,3058.979
1280800800,2973.656
1280887200,2983.2471
1280973600,3044.9409
1281060000,3060.593
1281319200,3082.5979
1281405600,3057.1609
1281492000,3035.3181
1281578400,3025.644
1281664800,3053.01
1281924000,3052.5991
1282096800,3072.0869
1282183200,3105.3501
1282269600,3117.72
1282528800,3128.7339
1282615200,3114.939
1282701600,3138.9099
1282788000,3145.135
1282874400,3104.7329
1283133600,3099.5649
1283220000,3081.884
1283306400,3135.3159
1283392800,3122.1489
1283479200,3164.2771
1283738400,3217.1479
1283824800,3230.8879
1284516000,3357.032
1284602400,3341.6321
1284688800,3384.6531
1284948000,3370.9819
1285034400,3365.0371
1285120800,3343.343
1285207200,3337.197
1285293600,3397.626
1285552800,3468.0359
1285639200,3472.707
1285725600,3495.4641
1285812000,3501.2959
1285898400,3547.115
1286157600,3569.498
1286244000,3591.6951
1286330400,3603.4041
1286416800,3586.186
1286503200,3546.9541
1286762400,3548.7461
1286848800,3547.248
1286935200,3611.979
1287021600,3618.478
1287108000,3597.031
1287367200,3566.918
1287453600,3592.7881
1287540000,3578.9541
1287626400,3588.01
1287712800,3597.7451
1287972000,3643.491
1288058400,3654.1021
1288144800,3624.467
1288231200,3638.8259
1288317600,3635.324
1288576800,3645.147
1288663200,3625.488
1288749600,3605.6731
1288836000,3629.0459
1288922400,3655.3049
1289181600,3699.2629
1289268000,3737.4839
1289354400,3756.967
1289440800,3744.6179
1289527200,3665.8459
1289786400,3656.4619
1289872800,3674.0271
1290045600,3677.9041
1290132000,3725.0481
1290391200,3741.229
1290477600,3678.1941
1290564000,3658.7771
1290650400,3702.0129
1290736800,3642.5
1290996000,3630.636
1291082400,3531.2109
1291168800,3619.094
1291255200,3694.5801
1291341600,3696.26
1291600800,3722.3469
1291773600,3769.9929
1291860000,3786.0969
1291946400,3747.7141
1292205600,3692.2319
1292292000,3689.666
1292378400,3658.314
1292464800,3571.738
1292551200,3581.5649
1292810400,3568.8101
1292896800,3637.446
1292983200,3620.6841
1293069600,3611.531
1293415200,3625.2661
1293501600,3659.9929
1293588000,3699.217
1293674400,3703.512
1294020000,3727.5171
1294106400,3760.061
1294192800,3783.709
1294279200,3736.2571
1294365600,3631.4529
1294624800,3478.5491
1294711200,3455.127
1294797600,3554.7661
1294884000,3564.937
1294970400,3569.144
1295229600,3535.731
1295316000,3548.6489
1295402400,3517.2749
1295488800,3454.1179
1295575200,3379.543
1295834400,3346.061
1295920800,3433.906
1296007200,3501.717
1296093600,3514.624
1296180000,3487.6101
1296439200,3409.167
1296525600,3442.501
1296612000,3480.8259
1296784800,3496.1689
1297044000,3487.707
1297130400,3459.9331
1297216800,3417.4709
1297303200,3373.644
1297389600,3391.7661
1297648800,3416.7671
1297821600,3416.7849
1297908000,3434.3799
1297994400,3501.4971
1298253600,3497.6431
1298340000,3451.1001
1298426400,3474.123
1298512800,3439.1321
1298599200,3443.53
1298858400,3470.3479
1298944800,3512.6169
1299031200,3486.197
1299117600,3494.5391
1299204000,3542.9031
1299463200,3561.717
1299549600,3580.314
1299636000,3598.675
1299722400,3587.6479
1299808800,3542.228
1300068000,3569.8391
1300154400,3524.4829
1300240800,3531.4771
1300327200,3484.21
1300413600,3494.0701
1300672800,3518.8459
1300759200,3517.7209
1300845600,3556.231
1300932000,3611.6411
1301018400,3607.113
1301277600,3602.8589
1301364000,3591.5149
1301450400,3640.978
1301536800,3678.6741
1301623200,3707.4871
1301882400,3700.0471
1301968800,3685.936
1302055200,3727.7981
1302141600,3730.583
1302228000,3741.811
1302487200,3745.8379
1302573600,3719.2329
1302660000,3734.4131
1302746400,3707.979
1302832800,3730.512
1303092000,3727.073
1303178400,3732.6499
1303264800,3794.762
1303351200,3801.0811
1303696800,3788.54
1303783200,3774.8711
1303869600,3804.9309
1303956000,3808.929
1304042400,3819.6179
1304301600,3849.3
1304388000,3813.8679
1304474400,3814.928
1304560800,3816.272
1304647200,3798.554
1304906400,3785.45
1304992800,3800.52
1305079200,3838.1421
1305165600,3808.71
1305252000,3832.021
1305511200,3799.2261
1305684000,3840.209
1305770400,3859.8101
1305856800,3872.9529
1306116000,3778.4541
1306202400,3785.9431
1306288800,3780.1621
1306375200,3814.8159
1306461600,3832.3779
1306720800,3826.137
1306807200,3836.967
1306893600,3837.761
1307066400,3844.02
1307325600,3834.2009
1307412000,3826.304
1307498400,3825.821
1307584800,3806.187
1307671200,3787.6479
1307930400,3748.7581
1308016800,3773.2729
1308103200,3794.251
1308189600,3740.4709
1308276000,3722.303
1308535200,3729.1221
1308621600,3794.939
1308708000,3821.832
1308794400,3823.6499
1308880800,3848.5581
1309140000,3813.425
1309226400,3830.2729
1309399200,3888.5691
1309485600,3927.0979
1309744800,3953.5171
1309831200,3924.127
1309917600,3908.9561
1310004000,3939.4729
1310090400,4003.6909
1310349600,3995.5869
1310436000,3938.0149
1310522400,3980.845
1310608800,3997.635
1310695200,4023.2019
1310954400,4032.9741
1311040800,4023.417
1311127200,4050.6321
1311213600,4068.073
1311300000,4106.8218
1311559200,4087.094
1311645600,4132.7769
1311732000,4174.1118
1311818400,4145.8271
1311904800,4130.7998
1312164000,4193.4409
1312250400,4177.8462
1312336800,4136.5068
1312423200,4122.0859
1312509600,3921.6431
1312768800,3850.2661
1312855200,3735.1189
1312941600,3863.5759
1313028000,3869.365
1313114400,3890.5259
1313373600,3960.022
1313460000,3953.2771
1313632800,4020.9939
1313719200,3842.748
1313978400,3839.616
1314064800,3880.4641
1314151200,3847.02
1314237600,3844.377
1314324000,3841.731
1315188000,3866.1721
1315274400,3889.9709
1315360800,4001.4331
1315447200,4005.3899
1315533600,3998.502
1315792800,3896.1189
1315879200,3874.783
1315965600,3799.0371
1316052000,3774.334
1316138400,3835.1809
1316397600,3755.052
1316484000,3752.1101
1316570400,3697.4939
1316656800,3369.1431
1316743200,3426.3459
1317002400,3316.137
1317088800,3473.938
1317175200,3513.166
1317261600,3537.178
1317348000,3549.032
1317607200,3348.708
1317693600,3269.4509
1317780000,3293.239
1317866400,3443.106
1317952800,3425.6841
1318212000,3451.084
1318298400,3531.7529
1318384800,3635.9309
1318471200,3675.384
1318557600,3664.6799
1318816800,3729.0149
1318903200,3622.0271
1318989600,3685.3059
1319076000,3622.7759
1319162400,3620.6641
1319421600,3706.782
1319508000,3710.478
1319594400,3738.6069
1319680800,3813.0039
1319767200,3829.96
1320026400,3790.8469
1320112800,3685.012
1320199200,3763.0339
1320285600,3705.8101
1320372000,3783.6279
1320631200,3778.24
1320717600,3805.6479
1320804000,3857.363
1320890400,3783.8811
1320976800,3778.885
1321236000,3833.04
1321322400,3813.842
1321408800,3814.0901
1321495200,3792.2529
1321581600,3754.5
1321840800,3679.8291
1321927200,3735.532
1322013600,3687.0081
1322100000,3696.032
1322186400,3637.1919
1322445600,3647.0491
1322532000,3687.769
1322618400,3715.0801
1322704800,3781.0991
1322791200,3779.8359
1323050400,3780.793
1323136800,3752.6741
1323223200,3793.2351
1323309600,3781.761
1323396000,3759.6089
1323655200,3792.1489
1323741600,3763.5791
1323828000,3751.604
1323914400,3701.54
1324000800,3768.354
1324260000,3770.2871
1324346400,3752.3379
1324432800,3794.2671
1324519200,3795.4431
1324605600,3797.1509
1324951200,3789.425
1325037600,3769.2141
1325124000,3808.772
1325210400,3821.9919
1325469600,3809.1399
1325556000,3857.8821
1325642400,3907.4209
1325728800,3906.2639
1325815200,3869.415
1326074400,3889.072
1326160800,3938.842
1326247200,3909.6399
1326333600,3909.4971
1326420000,3935.3259
1326679200,3909.6931
1326765600,3954.7549
1326852000,3978.1279
1326938400,4001.073
1327024800,3986.5149
1327370400,3994.583
1327456800,3963.605
1327543200,3983.4341
1327629600,3986.4099
1327888800,3915.1599
1327975200,3941.6931
1328061600,3964.9761
1328148000,4016.9021
1328234400,4015.949
1328493600,3974.7881
1328580000,3955.4519
1328666400,3988.699
1328752800,3978.988
1328839200,3912.3931
1329098400,3961.9021
1329184800,3952.8169
1329271200,3953.0449
1329357600,3927.6079
1329444000,3976.542
1329703200,3980.2529
1329789600,4002.9509
1329876000,3995.0239
1329962400,3958.8091
1330048800,3894.562
1330308000,3861.0161
1330394400,3903.5569
1330480800,3985.21
1330567200,3962.2859
1330653600,4004.8679
1330912800,3984.897
1330999200,3967.0759
1331085600,3942.5171
1331172000,3967.6689
1331258400,3991.5439
1331517600,3987.3459
1331604000,4008.6421
1331690400,4054.3259
1331776800,4039.98
1331863200,4028.5371
1332122400,4024.7329
1332208800,4022.168
1332295200,4036.2339
1332381600,4041.5591
1332727200,4031.7051
1332813600,4079.384
1332900000,4090.573
1332986400,4105.167
1333072800,4121.5508
1333332000,4166.0718
1333418400,4215.4438
1333504800,4134.0361
1333591200,4166.374
1333936800,4154.0669
1334023200,4149.7988
1334109600,4130.0132
1334196000,4139.54
1334282400,4159.2769
1334541600,4146.5811
1334628000,4157.3652
1334714400,4166.2368
1334800800,4163.7158
1334887200,4181.3682
1335146400,4155.4912
1335232800,4170.353
1335319200,4163.6431
1335405600,4180.3062
1335492000,4163.981
1335751200,4180.7319
1335837600,4195.9839
1335924000,4219.2949
1336010400,4224.0029
1336096800,4216.6812
1336356000,4158.8618
1336442400,4181.0732
1336528800,4129.0601
1336615200,4133.6309
1336701600,4114.1401
1336960800,4053.0669
1337047200,4045.644
1337133600,3980.4961
1337565600,3940.1079
1337652000,4021.1001
1337738400,3981.5779
1337824800,3984.873
1337911200,3902.5081
1338170400,3918.6851
1338256800,3919.0649
1338343200,3917.916
1338429600,3832.824
1338516000,3799.7661
1338775200,3654.582
1338861600,3717.876
1338948000,3841.3311
1339034400,3840.5959
1339120800,3825.3279
1339380000,3866.2129
1339466400,3852.5779
1339552800,3860.4609
1339639200,3791.6179
1339725600,3818.1089
1339984800,3860.155
1340071200,3880.8159
1340157600,3943.897
1340244000,3901.7881
1340330400,3889.5229
1340589600,3857.5891
1340676000,3881.4009
1340762400,3934.8669
1340848800,3887.575
1340935200,3955.5769
1341194400,3991.54
1341280800,4049.8931
1341367200,4075.917
1341453600,4069.8359
1341540000,4055.197
1341799200,3985.0449
1341885600,4009.678
1341972000,4019.1331
1342058400,3984.1201
1342144800,4019.6731
1342404000,4047.4651
1342490400,4080.6721
1342576800,4081.635
1342663200,4096.1958
1342749600,4081.2009
1343008800,4009.793
1343095200,3992.113
1343181600,4000.8391
1343268000,4004.7759
1343354400,4084.2119
1343613600,4099.1211
1343700000,4142.3369
1343786400,4130.4648
1343872800,4093.1121
1343959200,4099.813
1344218400,4105.499
1344304800,4085.5801
1344391200,4090.709
1344477600,4131.1699
1344564000,4141.564
1344823200,4102.5298
1344909600,4121.5562
1344996000,4141.9858
1345082400,4160.5078
1345687200,4162.6592
1345773600,4145.3989
1346032800,4145.8779
1346119200,4142.8481
1346205600,4093.1699
1346292000,4025.583
1346378400,4060.3311
1346637600,4117.9482
1346724000,4105.2529
1346810400,4075.3521
1346896800,4102.8569
1346983200,4143.6792
1347242400,4160.6602
1347328800,4155.356
1347415200,4174.0972
1347501600,4170.6392
1347588000,4256.998
1347847200,4255.2832
1347933600,4223.894
1348020000,4244.7109
1348106400,4217.5161
1348192800,4244.6211
1348452000,4200.9141
1348538400,4226.8862
1348624800,4180.1631
1348711200,4225.0239
1348797600,4262.561
1349056800,4236.293
1349143200,4256.8389
1349229600,4251.5112
1349316000,4271.4609
1349402400,4311.314
1349661600,4268.2349
1349748000,4280.25
1349834400,4280.0098
1349920800,4284.9668
1350007200,4311.3911
1350266400,4313.522
1350352800,4329.0762
1350439200,4337.5259
1350525600,4356.9658
1350612000,4331.2539
1350871200,4341.377
1350957600,4330.145
1351044000,4335.375
1351130400,4339.1528
1351476000,4331.3652
1351562400,4364.5981
1351648800,4350.291
1351735200,4335.3618
1351821600,4338.8921
1352080800,4302.939
1352167200,4314.2651
1352253600,4350.4238
1352340000,4327.8682
1352426400,4333.6401
1352685600,4318.5908
1352772000,4332.084
1352858400,4351.2842
1353290400,4313.439
1353376800,4312.3662
1353463200,4317.2769
1353549600,4335.9268
1353636000,4348.8081
1353895200,4375.1689
1353981600,4337.5088
1354068000,4304.8232
1354154400,4319.0859
1354240800,4276.1411
1354500000,4302.4438
1354586400,4269.6519
1354672800,4286.8398
1354759200,4292.605
1354845600,4290.7959
1355104800,4302.6089
1355191200,4317.918
1355277600,4337.5278
1355364000,4320.189
1355450400,4308.8628
1355709600,4315.8569
1355796000,4301.436
1355882400,4275.8589
1355968800,4254.8159
1356055200,4250.2139
1356487200,4275.0942
1356573600,4281.8608
1356660000,4316.687
1357092000,4346.4751
1357178400,4399.2578
1357264800,4410.02
1357524000,4392.3789
1357610400,4397.5449
1357696800,4362.9282
1357783200,4317.3652
1357869600,4305.9121
1358128800,4382.498
1358215200,4400.8242
1358301600,4410.9639
1358388000,4398.3828
1358474400,4465.4839
1358733600,4439.9741
1358820000,4416.5479
1358906400,4418.7271
1359079200,4437.5981
1359338400,4416.937
1359424800,4439.0298
1359511200,4452.9751
1359597600,4453.7031
1359684000,4481.6338
1359943200,4490.5649
1360029600,4479.4409
1360116000,4498.9761
1360202400,4503.1479
1360288800,4491.2671
1360548000,4503.2471
1360634400,4548.2432
1360720800,4571.5679
1360807200,4588.6729
1360893600,4609.7861
1361152800,4612.0459
1361239200,4602.062
1361325600,4634.4512
1361412000,4632.4038
1361498400,4651.123
1361757600,4696.1069
1361844000,4663.0308
1361930400,4716.415
1362016800,4795.7891
1362103200,4811.6128
1362362400,4761.4609
1362448800,4751.7012
1362535200,4824.6831
1362621600,4848.2988
1362708000,4874.4951
1362967200,4854.312
1363140000,4835.439
1363226400,4786.3672
1363312800,4819.3242
1363572000,4802.8262
1363658400,4822.627
1363744800,4831.5
1363831200,4802.666
1363917600,4723.1592
1364176800,4777.9009
1364263200,4842.519
1364349600,4928.1021
1364436000,4940.9858
1364781600,4937.5752
1364868000,4957.251
1364954400,4981.4658
1365040800,4922.6108
1365127200,4926.0679
1365386400,4897.521
1365472800,4899.5869
1365559200,4877.4751
1365645600,4924.2632
1365732000,4937.21
1365991200,4894.5918
1366077600,4945.2529
1366164000,4998.6528
1366250400,5012.6382
1366336800,4998.4609
1366596000,4996.9229
1366682400,4975.3301
1366768800,5011.6069
1366855200,4994.5229
1366941600,4978.5068
1367200800,4999.752
1367287200,5034.0708
1367373600,5060.9189
1367460000,4994.0459
1367546400,4925.4829
1367805600,4991.8711
1367892000,5042.7891
1367978400,5089.335
1368151200,5105.937
1368410400,5054.6279
1368496800,5081.9399
1368583200,5089.8799
1368669600,5078.6782
1368756000,5145.6831
1369015200,5214.9761
1369101600,5188.7588
1369188000,5207.999
1369274400,5121.4028
1369360800,5155.0928
1369620000,5085.1362
1369706400,5176.2349
1369792800,5200.6929
1369879200,5129.647
1369965600,5068.6279
1370224800,4971.354
1370311200,5021.6118
1370397600,5001.2212
1370570400,4865.3242
1370829600,4777.3652
1370916000,4609.9482
1371002400,4697.8838
1371088800,4607.6631
1371175200,4760.7441
1371434400,4774.5039
1371520800,4840.4521
1371607200,4806.6558
1371693600,4629.9941
1371780000,4515.3721
1372039200,4429.46
1372125600,4418.8721
1372212000,4587.728
1372298400,4675.749
1372384800,4818.895
1372644000,4777.4521
1372730400,4728.7041
1372816800,4577.1528
1372903200,4581.9331
1372989600,4602.8071
1373248800,4433.625
1373335200,4403.7998
1373421600,4478.644
1373508000,4604.2222
1373594400,4633.1079
1373853600,4635.729
1373940000,4644.0391
1374026400,4679.001
1374112800,4720.4351
1374199200,4724.4111
1374458400,4678.9829
1374544800,4767.1592
1374631200,4718.103
1374717600,4674.1172
1374804000,4658.874
1375063200,4580.4668
1375149600,4608.4888
1375236000,4610.377
1375322400,4624.3359
1375408800,4640.7808
1376272800,4597.7798
1376359200,4652.397
1376445600,4699.7329
1376532000,4685.1289
1376618400,4568.6538
1376877600,4313.5181
1376964000,4174.9829
1377050400,4218.4482
1377136800,4171.4131
1377223200,4169.8271
1377482400,4120.6689
1377568800,3967.842
1377655200,4026.4751
1377741600,4103.5928
1377828000,4195.0889
1378087200,4101.2329
1378173600,4164.0122
1378260000,4073.4551
1378346400,4050.864
1378432800,4072.354
1378692000,4191.2578
1378778400,4358.1431
1378864800,4349.4189
1378951200,4356.605
1379037600,4375.5391
1379296800,4522.2388
1379383200,4517.6201
1379469600,4463.2539
1379556000,4670.7329
1379642400,4583.8281
1379901600,4562.8569
1379988000,4460.4131
1380074400,4406.7671
1380160800,4405.8931
1380247200,4423.7192
1380506400,4316.1758
1380592800,4345.8989
1380679200,4387.604
1380765600,4418.6431
1380852000,4389.3472
1381111200,4374.959
1381197600,4432.5068
1381284000,4457.438
1381370400,4486.6782
1381456800,4519.9121
1381888800,4492.2612
1381975200,4518.9302
1382061600,4546.5708
1382320800,4578.1782
1382407200,4512.7432
1382493600,4546.499
1382580000,4594.8452
1382666400,4580.8462
1382925600,4590.5381
1383012000,4562.77
1383098400,4574.8779
1383184800,4510.6309
1383271200,4432.5889
1383530400,4423.2881
1383703200,4449.7598
1383789600,4486.1089
1383876000,4476.7202
1384135200,4441.7241
1384221600,4380.6401
1384308000,4301.8911
1384394400,4367.3711
1384480800,4335.4482
1384740000,4393.5918
1384826400,4398.3359
1384912800,4350.7861
1384999200,4326.2051
1385085600,4317.96
1385344800,4334.8032
1385431200,4235.2612
1385517600,4251.4888
1385604000,4233.9248
1385690400,4256.436
1385949600,4321.9771
1386036000,4288.7642
1386122400,4241.3018
1386208800,4216.894
1386295200,4180.7881
1386554400,4214.3418
1386640800,4275.6782
1386727200,4271.7432
1386813600,4212.2178
1386900000,4174.8301
1387159200,4125.9561
1387245600,4182.3462
1387332000,4196.2822
1387418400,4231.98
1387504800,4195.5562
1387764000,4189.6079
1387850400,4202.834
1388109600,4212.98
1388368800,4274.1768
1388628000,4327.2651
1388714400,4257.6631
1388973600,4202.8091
1389060000,4175.8062
1389146400,4200.5928
1389232800,4201.2178
1389319200,4254.9712
1389578400,4390.771
1389751200,4441.5942
1389837600,4412.4888
1389924000,4412.228
1390183200,4431.5718
1390269600,4452.499
1390356000,4477.4888
1390442400,4496.042
1390528800,4437.3428
1390788000,4322.7798
1390874400,4341.6509
1390960800,4417.3491
1391047200,4418.7568
1391392800,4386.2588
1391479200,4352.2559
1391565600,4384.3101
1391652000,4424.709
1391738400,4466.665
1391997600,4450.748
1392084000,4470.1899
1392170400,4496.2861
1392256800,4491.6602
1392343200,4508.0439
1392602400,4555.3682
1392688800,4556.1909
1392775200,4592.6509
1392861600,4598.2212
1392948000,4646.1528
1393207200,4623.5742
1393293600,4577.291
1393380000,4532.7202
1393466400,4568.9399
1393552800,4620.2158
1393812000,4584.2051
1393898400,4601.2842
1393984800,4659.1719
1394071200,4687.8569
1394157600,4685.8901
1394416800,4677.2461
1394503200,4704.2139
1394589600,4684.3848
1394676000,4726.167
1394762400,4878.6431
1395021600,4876.188
1395108000,4805.6118
1395194400,4821.457
1395280800,4698.9731
1395367200,4700.2148
1395626400,4720.4199
1395712800,4703.0908
1395799200,4728.2402
1395885600,4723.0571
1395972000,4768.2769
1396317600,4873.9341
1396404000,4870.2051
1396490400,4891.3198
1396576800,4857.9438
1396836000,4921.0391
1396922400,4921.4038
1397095200,4765.729
1397181600,4816.5762
1397440800,4864.8838
1397527200,4870.2148
1397613600,4873.0112
1397700000,4897.0518
1398045600,4892.2881
1398132000,4898.2061
1398218400,4893.1479
1398304800,4891.0791
1398391200,4897.6431
1398650400,4818.7578
1398736800,4819.6812
1398823200,4840.146
1398996000,4838.7598
1399255200,4842.5029
1399341600,4834.4678
1399428000,4862.0688
1399514400,4860.8892
1399600800,4898.1382
1399860000,4912.998
1399946400,4921.394
1400032800,4991.6362
1400205600,5031.5708
1400464800,5014.9961
1400551200,4895.9551
1400637600,4910.292
1400724000,4969.8818
1400810400,4973.0571
1401069600,4963.9248
1401242400,4985.5781
1401415200,4893.9082
1401674400,4912.0908
1401760800,4942.1572
1401847200,4932.564
1401933600,4935.564
1402020000,4937.1758
1402279200,4885.083
1402365600,4946.0898
1402452000,4971.9458
1402538400,4934.4072
1402624800,4926.6631
1402884000,4885.459
1402970400,4909.5171
1403056800,4887.8599
1403143200,4864.2729
1403229600,4847.7012
1403488800,4842.1289
1403575200,4862.2402
1403661600,4838.9819
1403748000,4872.4199
1403834400,4845.1338
1404093600,4878.582
1404180000,4884.8252
1404266400,4908.2739
1404352800,4888.7349
1404439200,4905.8252
1404698400,4989.0308
1404784800,5024.7119
1404957600,5098.0098
1405044000,5032.5991
1405303200,5021.063
1405389600,5070.8208
1405476000,5113.9302
1405562400,5071.2021
1405648800,5087.0142
1405908000,5127.123
1405994400,5083.521
1406080800,5093.23
1406167200,5098.6411
1406253600,5088.8018
1407117600,5119.2451
1407204000,5109.0869
1407290400,5058.2271
1407376800,5066.978
1407463200,5053.7598
1407722400,5113.2358
1407808800,5132.395
1407895200,5168.269
1407981600,5155.5469
1408068000,5148.9619
1408327200,5156.751
1408413600,5165.168
1408500000,5190.167
1408586400,5206.1362
1408672800,5198.896
1408932000,5184.9561
1409018400,5146.5518
1409104800,5165.2471
1409191200,5184.479
1409277600,5136.8628
1409536800,5177.6182
1409623200,5201.5859
1409709600,5224.1348
1409796000,5205.3218
1409882400,5217.335
1410141600,5246.4829
1410228000,5197.1191
1410314400,5142.9912
1410400800,5133.0332
1410487200,5143.7109
1410746400,5144.8979
1410832800,5130.5029
1410919200,5188.1841
1411005600,5208.1421
1411092000,5227.582
1411351200,5219.8032
1411437600,5188.1138
1411524000,5174.0068
1411610400,5201.3789
1411696800,5132.563
1411956000,5142.0112
1412042400,5137.5791
1412128800,5140.9131
1412215200,5000.8091
1412301600,4949.3462
1412560800,5000.1382
1412647200,5032.8408
1412733600,4958.519
1412820000,4993.8789
1412906400,4962.96
1413165600,4913.0532
1413252000,4922.582
1413338400,4962.9399
1413424800,4951.6138
1413511200,5028.9458
1413770400,5040.5322
1413856800,5029.3442
1413943200,5074.3232
1414029600,5103.5181
1414116000,5073.0679
1414375200,5024.292
1414461600,5001.3042
1414548000,5074.0562
1414634400,5058.8491
1414720800,5089.5469
1414980000,5085.5088
1415066400,5070.9399
1415152800,5066.832
1415239200,5034.231
1415325600,4987.4238
1415584800,4965.3872
1415671200,5032.2842
1415757600,5048.8408
1415844000,5048.668
1415930400,5049.4878
1416189600,5053.9429
1416276000,5102.4692
1416362400,5127.9331
1416448800,5093.5659
1416535200,5112.0449
1416794400,5141.7642
1416880800,5118.9448
1416967200,5133.0361
1417053600,5145.3149
1417140000,5149.8882
1417399200,5164.2881
1417485600,5175.793
1417572000,5166.0439
1417658400,5177.1602
1417744800,5187.9941
1418004000,5144.0142
1418090400,5122.312
1418176800,5165.4072
1418263200,5152.6948
1418349600,5160.4331
1418608800,5108.4321
1418695200,5026.0278
1418781600,5035.6489
1418868000,5113.3452
1418954400,5144.6211
1419213600,5125.772
1419300000,5139.0679
1419386400,5166.9829
1419818400,5178.373
1419904800,5226.9468
1420164000,5242.769
1420423200,5219.9951
1420509600,5169.0601
1420596000,5207.1182
1420682400,5211.8281
1420768800,5216.665
1421028000,5187.9331
1421114400,5214.3589
1421200800,5159.668
1421287200,5188.7119
1421373600,5148.3789
1421632800,5152.0928
1421719200,5166.0898
1421805600,5215.2661
1421892000,5253.1831
1421978400,5323.8848
1422237600,5260.0239
1422324000,5277.1489
1422410400,5268.8521
1422496800,5262.7178
1422583200,5289.4038
1422842400,5276.2358
1422928800,5291.7178
1423015200,5315.2842
1423101600,5279.895
1423188000,5342.5151
1423447200,5348.4702
1423533600,5321.4741
1423620000,5336.519
1423706400,5343.4111
1423792800,5374.165
1424052000,5325.4951
1424138400,5337.501
1424224800,5390.4492
1424397600,5400.104
1424656800,5403.2769
1424743200,5417.314
1424829600,5445.1079
1424916000,5451.4219
1425002400,5450.2939
1425261600,5477.8311
1425348000,5474.6191
1425434400,5448.0591
1425520800,5450.9468
1425607200,5514.7871
1425866400,5444.6338
1425952800,5462.9282
1426039200,5419.5659
1426125600,5439.832
1426212000,5426.4658
1426471200,5435.271
1426557600,5439.1528
1426644000,5413.1509
1426730400,5453.854
1426816800,5443.0649
1427076000,5437.0981
1427162400,5447.6479
1427248800,5405.4888
1427335200,5368.7998
1427421600,5396.854
1427680800,5438.6558
1427767200,5518.6748
1427853600,5466.8672
1427940000,5456.3989
1428285600,5480.0308
1428372000,5523.29
1428458400,5486.584
1428544800,5500.8999
1428631200,5491.3398
1428890400,5447.4092
1428976800,5419.1069
1429063200,5414.5469
1429149600,5420.7329
1429236000,5410.644
1429495200,5400.8032
1429581600,5460.5732
1429668000,5437.1191
1429754400,5436.209
1429840800,5435.355
1430100000,5245.4458
1430186400,5242.1572
1430272800,5105.563
1430359200,5086.4248
1430704800,5141.1372
1430791200,5160.3081
1430877600,5184.9502
1430964000,5150.4858
1431050400,5182.2129
1431309600,5172.4819
1431396000,5205.6118
1431482400,5246.1328
1431655200,5227.0962
1431914400,5237.811
1432000800,5269.3711
1432087200,5292.749
1432173600,5313.208
1432260000,5315.1528
1432519200,5288.3618
1432605600,5320.9009
1432692000,5253.3882
1432778400,5237.4009
1432864800,5216.3789
1433124000,5213.8159
1433296800,5130.499
1433383200,5095.8208
1433469600,5100.5718
1433728800,5014.9922
1433815200,4899.8818
1433901600,4933.5571
1433988000,4928.812
1434074400,4935.8169
1434333600,4837.7939
1434420000,4872.5991
1434506400,4945.7529
1434592800,4945.499
1434679200,4985.0059
1434938400,4959.252
1435024800,4937.6479
1435111200,4953.5161
1435197600,4920.042
1435284000,4923.0049
1435543200,4882.5781
1435629600,4910.6582
1435716000,4904.063
1435802400,4944.7808
1435888800,4982.9102
1436148000,4916.7412
1436234400,4906.0498
1436320800,4871.5708
1436407200,4838.2842
1436493600,4859.0342
1436752800,4893.917
1436839200,4901.8071
1436925600,4869.8491
1437530400,4906.689
1437616800,4902.8452
1437703200,4856.5952
1437962400,4771.2852
1438048800,4714.7559
1438135200,4721.1211
1438221600,4712.4922
1438308000,4802.5288
1438567200,4800.1821
1438653600,4781.0869
1438740000,4850.5322
1438826400,4806.564
1438912800,4770.3032
1439172000,4748.9492
1439258400,4622.5908
1439344800,4479.4912
1439431200,4584.25
1439517600,4585.3911
1439863200,4510.478
1439949600,4484.2422
1440036000,4441.9111
1440122400,4335.9531
1440381600,4163.729
1440468000,4228.501
1440554400,4237.7329
1440640800,4430.6318
1440727200,4446.2012
1440986400,4509.6069
1441072800,4412.459
1441159200,4401.293
1441245600,4433.1108
1441332000,4415.3428
1441591200,4301.3652
1441677600,4318.5908
1441764000,4347.2769
1441850400,4343.2612
1441936800,4360.4678
1442196000,4390.373
1442282400,4347.1602
1442368800,4332.5132
1442455200,4378.3848
1442541600,4380.3198
1442800800,4376.082
1442887200,4344.0439
1442973600,4244.4268
1443146400,4209.439
1443405600,4120.5029
1443492000,4178.4082
1443578400,4223.9082
1443664800,4254.876
1443751200,4207.7988
1444010400,4343.7012
1444096800,4445.7808
1444183200,4487.1318
1444269600,4491.4331
1444356000,4589.3442
1444615200,4630.707
1444701600,4483.0762
1444874400,4507.1948
1444960800,4521.8818
1445220000,4569.8442
1445306400,4585.8242
1445392800,4605.2261
1445479200,4584.562
1445565600,4653.146
1445824800,4691.7109
1445911200,4674.0581
1445997600,4608.7402
1446084000,4472.021
1446170400,4455.1802
1446429600,4464.959
1446516000,4533.0859
1446602400,4612.5649
1446688800,4577.2329
1446775200,4566.5518
1447034400,4499.5068
1447120800,4451.0532
1447207200,4451.5889
1447293600,4462.2251
1447380000,4472.8379
1447639200,4442.1802
1447725600,4500.9468
1447812000,4497.9102
1447898400,4518.9399
1447984800,4561.334
1448244000,4541.0659
1448330400,4545.3779
1448416800,4585.5459
1448503200,4597.0571
1448589600,4560.5601
1448848800,4446.458
1448935200,4557.668
1449021600,4545.8628
1449108000,4537.3818
1449194400,4508.4521
1449453600,4521.3921
1449540000,4464.1821
1449712800,4466.21
1449799200,4393.522
1450058400,4374.1909
1450144800,4409.1719
1450231200,4483.4531
1450317600,4555.9639
1450404000,4468.6538
1450663200,4490.6802
1450749600,4517.5679
1450836000,4522.6538
1451268000,4557.355
1451354400,4569.3608
1451440800,4593.0078
1451872800,4525.9189
1451959200,4557.8218
1452045600,4608.9819
1452132000,4530.4482
1452218400,4546.2881
1452477600,4465.4829
1452564000,4512.5269
1452650400,4537.1792
1452736800,4513.1812
1452823200,4523.9761
1453082400,4481.2759
1453168800,4491.7368
1453255200,4427.9849
1453341600,4414.126
1453428000,4456.7441
1453687200,4505.7881
1453773600,4510.4678
1453860000,4583.6279
1453946400,4602.8291
1454032800,4615.1631
1454292000,4624.6348
1454378400,4587.4351
1454464800,4596.1079
1454551200,4665.8169
1454637600,4798.9458
1454983200,4768.625
1455069600,4732.4829
1455156000,4775.8599
1455242400,4714.3931
1455501600,4740.7261
1455588000,4745.0039
1455674400,4765.5068
1455760800,4778.7939
1455847200,4697.5601
1456106400,4708.6201
1456192800,4654.0542
1456279200,4657.7222
1456365600,4658.3232
1456452000,4733.1489
1456711200,4770.9561
1456797600,4779.9849
1456884000,4836.1958
1456970400,4844.0391
1457056800,4850.8828
1457316000,4831.5752
1457402400,4811.042
1457575200,4793.2031
1457661600,4813.7788
1457920800,4877.5308
1458007200,4849.7808
1458093600,4861.4409
1458180000,4885.688
1458266400,4885.708
1458525600,4885.1631
1458612000,4856.1069
1458698400,4854.1758
1458784800,4827.0869
1459130400,4773.626
1459216800,4781.2969
1459303200,4816.6548
1459389600,4845.3711
1459476000,4843.186
1459735200,4850.1758
1459821600,4858.0718
1459908000,4868.23
1459994400,4867.2852
1460080800,4846.7041
1460340000,4786.9741
1460426400,4829.5732
1460512800,4853.0049
1460599200,4814.8462
1460685600,4823.5679
1460944800,4865.5342
1461031200,4881.9302
1461117600,4876.5962
1461204000,4903.0898
1461290400,4914.7368
1461549600,4878.8618
1461636000,4814.0928
1461722400,4845.6582
1461808800,4848.3901
1461895200,4838.583
1462154400,4808.3188
1462240800,4812.2642
1462327200,4822.5952
1462759200,4749.3149
1462845600,4763.1152
1462932000,4799.9639
1463018400,4803.3218
1463104800,4761.7148
1463364000,4731.562
1463450400,4729.1558
1463536800,4734.3569
1463623200,4704.2168
1463709600,4711.8779
1463968800,4743.6621
1464055200,4710.7852
1464141600,4772.9771
1464228000,4784.5649
1464314400,4814.731
1464573600,4836.0332
1464660000,4796.8691
1464746400,4839.668
1464832800,4833.2251
1464919200,4853.9219
1465178400,4896.0249
1465264800,4933.9888
1465351200,4916.061
1465437600,4876.7939
1465524000,4848.0562
1465783200,4807.2261
1465869600,4821.5898
1465956000,4814.8242
1466042400,4814.3911
1466128800,4835.1431
1466388000,4863.5308
1466474400,4878.7139
1466560800,4896.8521
1466647200,4874.3091
1466733600,4834.5688
1466992800,4836.0518
1467079200,4882.1709
1467165600,4980.105
1467252000,5016.647
1467338400,4971.5811
1468202400,5069.019
1468288800,5099.5332
1468375200,5133.9331
1468461600,5083.5391
1468548000,5110.1782
1468807200,5127.501
1468893600,5172.8301
1468980000,5242.8232
1469066400,5216.9731
1469152800,5197.251
1469412000,5220.8018
1469498400,5224.395
1469584800,5274.3608
1469671200,5299.2129
1469757600,5215.9941
1470016800,5361.5762
1470103200,5373.3232
1470189600,5351.8779
1470276000,5373.8628
1470362400,5420.2461
1470621600,5458.979
1470708000,5440.293
1470794400,5423.9492
1470880800,5419.0879
1470967200,5377.1958
1471226400,5320.561
1471312800,5371.8462
1471485600,5461.4502
1471572000,5416.0352
1471831200,5427.1748
1471917600,5417.1401
1472004000,5403.9922
1472090400,5454.1162
1472176800,5438.8311
1472436000,5370.7642
1472522400,5362.3159
1472608800,5386.082
1472695200,5334.5469
1472781600,5353.4609
1473040800,5356.9541
1473127200,5372.0962
1473213600,5381.354
1473300000,5371.0781
1473386400,5281.917
1473732000,5215.5669
1473818400,5146.0381
1473904800,5265.8188
1473991200,5267.769
1474250400,5321.8408
1474336800,5302.4932
1474423200,5342.5918
1474509600,5380.2622
1474596000,5388.9082
1474855200,5352.1392
1474941600,5419.604
1475028000,5425.3369
1475114400,5431.957
1475200800,5364.8042
1475460000,5463.915
1475546400,5472.3169
1475632800,5420.6479
1475719200,5409.3442
1475805600,5377.1489
1476064800,5360.8281
1476151200,5381.9971
1476237600,5364.6108
1476324000,5340.3999
1476410400,5399.8848
1476669600,5410.3032
1476756000,5430.0479
1476842400,5409.2881
1476928800,5403.6899
1477015200,5409.2432
1477274400,5420.998
1477360800,5397.8208
1477447200,5399.6792
1477533600,5416.8359
1477620000,5410.269
1477879200,5422.542
1477965600,5416.0068
1478052000,5405.4551
1478138400,5329.502
1478224800,5362.6602
1478484000,5386.208
1478570400,5470.6812
1478656800,5414.3208
1478743200,5450.3062
1478829600,5231.9712
1479088800,5115.7388
1479175200,5078.501
1479261600,5185.4648
1479348000,5193.0151
1479434400,5170.1089
1479693600,5148.3188
1479780000,5204.6738
1479866400,5211.9961
1479952800,5107.623
1480039200,5122.104
1480298400,5114.5718
1480384800,5136.667
1480471200,5148.9102
1480557600,5198.7549
1480644000,5245.9561
1480903200,5268.3081
1480989600,5272.9648
1481076000,5265.3682
1481162400,5303.7339
1481248800,5308.126
1481594400,5293.6191
1481680800,5262.8169
1481767200,5254.3618
1481853600,5231.6519
1482112800,5191.9121
1482199200,5162.4771
1482285600,5111.3921
1482372000,5042.8701
1482458400,5027.7041
1482804000,5102.9541
1482890400,5209.4448
1482976800,5302.5659
1483063200,5296.7109
1483408800,5275.9712
1483495200,5301.1831
1483581600,5325.5039
1483668000,5347.022
1483927200,5316.3638
1484013600,5309.9238
1484100000,5301.2368
1484186400,5292.75
1484272800,5272.9829
1484532000,5270.0112
1484618400,5266.938
1484704800,5294.7842
1484791200,5298.9482
1484877600,5254.311
1485136800,5250.9678
1485223200,5292.0879
1485309600,5293.7822
1485396000,5317.6328
1485482400,5312.8398
1485741600,5302.6621
1485828000,5294.103
1485914400,5327.1611
1486000800,5353.7129
1486087200,5360.7671
1486346400,5395.9951
1486432800,5381.4751
1486519200,5361.0879
1486605600,5372.0771
1486692000,5371.6689
1486951200,5409.5562
1487037600,5380.6699
1487210400,5377.998
1487296800,5350.9321
1487556000,5359.2881
1487642400,5340.9902
1487728800,5358.6831
1487815200,5372.748
1487901600,5385.9058
1488160800,5382.874
1488247200,5386.6919
1488333600,5363.0562
1488420000,5408.2539
1488506400,5391.2148
1488765600,5409.8169
1488852000,5402.6152
1488938400,5393.7642
1489024800,5402.3862
1489111200,5390.6768
1489370400,5409.3721
1489456800,5431.585
1489543200,5432.3809
1489629600,5518.2412
1489716000,5540.4321
1489975200,5533.9922
1490061600,5543.0928
1490148000,5534.0928
1490234400,5563.7588
1490320800,5567.1338
1490580000,5541.2021
1490752800,5592.5098
1490839200,5592.9521
1490925600,5568.106
1491184800,5606.7891
1491271200,5651.8232
1491357600,5676.98
1491444000,5680.2388
1491530400,5653.4858
1491789600,5644.2988
1491876000,5627.9331
1491962400,5644.1548
1492048800,5616.5449
1492394400,5577.4868
1492480800,5606.5171
1492653600,5595.3062
1492740000,5664.4751
1493085600,5680.7959
1493172000,5726.5298
1493258400,5707.0278
1493344800,5685.2979
1493690400,5675.8081
1493776800,5647.3682
1493863200,5669.4429
1493949600,5683.377
1494208800,5707.8618
1494295200,5697.0562
1494381600,5653.0078
1494554400,5675.2158
1494813600,5688.8701
1494900000,5646.999
1494986400,5615.4922
1495072800,5645.4512
1495159200,5791.8838
1495418400,5749.4448
1495504800,5730.6128
1495591200,5703.4331
1495764000,5716.8149
1496023200,5712.3311
1496109600,5693.3911
1496196000,5738.1548
1496368800,5742.4458
1496628000,5748.2349
1496714400,5707.8311
1496800800,5717.3252
1496887200,5702.9219
1496973600,5675.5229
1497232800,5691.436
1497319200,5707.645
1497405600,5792.897
1497492000,5776.2832
1497578400,5723.6362
1497837600,5741.9092
1497924000,5791.9038
1498010400,5818.5518
1498096800,5829.708
1499047200,5910.2368
1499133600,5865.3638
1499220000,5825.0542
1499306400,5849.5752
1499392800,5814.793
1499652000,5771.5059
1499738400,5773.3262
1499824800,5819.1318
1499911200,5830.0439
1499997600,5831.7949
1500256800,5841.2798
1500343200,5822.3521
1500429600,5806.6899
1500516000,5825.208
1500602400,5765.4238
1500861600,5801.5869
1500948000,5813.5352
1501034400,5800.2061
1501120800,5819.7441
1501207200,5831.0269
1501466400,5840.939
1501552800,5805.2051
1501639200,5824.249
1501725600,5780.5762
1501812000,5777.4819
1502071200,5749.292
1502157600,5810.563
1502244000,5824.0068
1502330400,5825.9458
1502416800,5766.1382
1502676000,5801.4878
1502762400,5835.041
1502848800,5891.9492
1503021600,5893.8408
1503280800,5861.0039
1503367200,5880.2969
1503453600,5914.0239
1503540000,5894.1172
1503626400,5915.3628
1503885600,5903.3408
1503972000,5888.2119
1504058400,5872.5059
1504144800,5864.0591
1504490400,5813.7412
1504576800,5829.979
1504663200,5824.1382
1504749600,5832.311
1504836000,5857.1191
1505095200,5871.8809
1505181600,5872.377
1505268000,5845.7339
1505354400,5852.002
1505440800,5872.3921
1505700000,5884.6108
1505786400,5901.3262
1505872800,5906.5732
1506045600,5911.708
1506304800,5894.6118
1506391200,5863.9619
1506477600,5863.0269
1506564000,5841.0469
1506650400,5900.854
1506909600,5914.0298
1506996000,5939.4531
1507082400,5951.4751
1507168800,5901.9058
1507255200,5905.3779
1507514400,5914.9331
1507600800,5905.7622
1507687200,5882.7871
1507773600,5926.2041
1507860000,5924.124
1508119200,5949.7012
1508205600,5947.3301
1508292000,5929.2012
1508378400,5910.5298
1508464800,5929.5488
1508724000,5950.0259
1508810400,5952.0762
1508896800,6025.4341
1508983200,5995.8472
1509069600,5975.2808
1509328800,5974.0771
1509415200,6005.7842
1509501600,6038.146
1509588000,6031.1069
1509674400,6039.541
1509933600,6050.8232
1510020000,6060.4531
1510106400,6049.3838
1510192800,6042.46
1510279200,6021.8281
1510538400,6021.4561
1510624800,5988.292
1510711200,5972.311
1510797600,6037.9072
1510884000,6051.7319
1511143200,6053.2822
1511229600,6031.8618
1511316000,6069.7852
1511402400,6063.2451
1511488800,6067.1421
1511748000,6064.5889
1511834400,6070.7158
1511920800,6061.3672
1512007200,5952.1382
1512352800,5998.1948
1512439200,6000.4741
1512525600,6035.5078
1512612000,6006.835
1512698400,6030.958
1512957600,6026.6328
1513044000,6032.3711
1513130400,6054.604
1513216800,6113.6528
1513303200,6119.4189
1513562400,6133.9629
1513648800,6167.666
1513735200,6109.4819
1513821600,6183.3911
1513908000,6221.0132
1514340000,6277.165
1514426400,6314.0459
1514512800,6355.6538
1514858400,6339.2378
1514944800,6251.479
1515031200,6292.3208
1515117600,6353.7378
1515376800,6385.4038
1515463200,6373.144
1515549600,6371.1738
1515636000,6386.3389
1515722400,6370.0649
1515981600,6382.1948
1516068000,6429.6919
1516154400,6444.5181
1516240800,6472.666
1516327200,6490.896
1516586400,6500.5288
1516672800,6635.334
1516759200,6615.4922
1516845600,6615.3281
1516932000,6660.6182
1517191200,6680.6191
1517277600,6575.4922
1517364000,6605.6309
1517450400,6598.459
1517536800,6628.8198
1517796000,6589.6748
1517882400,6478.543
1517968800,6534.8691
1518055200,6544.6338
1518141600,6505.5229
1518400800,6523.4541
1518487200,6578.1782
1518573600,6594.4009
1518660000,6591.582
1519005600,6689.2871
1519092000,6662.876
1519178400,6643.3999
1519264800,6593.0601
1519351200,6619.8042
1519610400,6554.6729
1519696800,6598.9258
1519783200,6597.2178
1519869600,6606.0532
1519956000,6582.3159
1520215200,6550.5928
1520301600,6500.1108
1520388000,6368.2671
1520474400,6443.021
1520560800,6433.3218
1520820000,6500.686
1520906400,6412.8462
1520992800,6382.623
1521079200,6321.9038
1521165600,6304.9521
1521424800,6289.5718
1521511200,6243.5771
1521597600,6312.8311
1521684000,6254.0742
1521770400,6210.6982
1522029600,6200.1719
1522116000,6209.3501
1522202400,6140.8369
1522288800,6188.9868
1522634400,6240.5708
1522720800,6229.0132
1522807200,6157.0962
1522893600,6183.2271
1522980000,6175.0518
1523239200,6246.1309
1523325600,6325.8179
1523412000,6360.9321
1523498400,6310.8018
1523584800,6270.3271
1523844000,6286.748
1523930400,6285.7622
1524016800,6320.0049
1524103200,6355.9009
1524189600,6337.6948
1524448800,6308.1479
1524535200,6229.6348
1524621600,6079.8501
1524708000,5909.1982
1524794400,5919.2378
1525053600,5994.5952
1525226400,6012.2378
1525312800,5858.7319
1525399200,5792.3452
1525658400,5885.0981
1525744800,5774.7158
1525831200,5907.938
1526004000,5956.832
1526263200,5947.1548
1526349600,5838.1162
1526436000,5841.4639
1526522400,5815.9199
1526608800,5783.3101
1526868000,5733.854
1526954400,5751.1191
1527040800,5792.001
1527127200,5946.5381
1527213600,5975.7422
1527472800,6068.3252
1527645600,6011.0552
1527732000,5983.5869
1528077600,6014.8188
1528164000,6088.79
1528250400,6069.7129
1528336800,6106.6982
1528423200,5993.627
1529460000,5884.0391
1529546400,5822.333
1529632800,5821.812
1529892000,5859.083
1529978400,5825.6489
1530064800,5787.5518
1530151200,5667.3188
1530237600,5799.2368
1530496800,5746.77
1530583200,5633.937
1530669600,5733.6392
1530756000,5739.332
1530842400,5694.9121
1531101600,5807.375
1531188000,5881.7598
1531274400,5893.3589
1531360800,5907.8721
1531447200,5944.0742
1531706400,5905.1582
1531792800,5861.5078
1531879200,5890.731
1531965600,5871.0771
1532052000,5872.7842
1532311200,5915.7959
1532397600,5931.8418
1532484000,5933.8892
1532570400,5946.1362
1532656800,5989.1362
1532916000,6027.936
1533002400,5936.4429
1533088800,6033.4189
1533175200,6011.7231
1533261600,6007.5381
1533520800,6101.1309
1533607200,6091.25
1533693600,6094.8291
1533780000,6065.2559
1533866400,6077.1729
1534125600,5861.2461
1534212000,5769.873
1534298400,5816.5898
1534384800,5783.7979
1534730400,5892.1919
1534816800,5944.3008
1534989600,5982.9849
1535076000,5968.75
1535335200,6025.9678
1535421600,6042.6499
1535508000,6065.1489
1535594400,6018.9639
1535680800,6018.46
1535940000,5967.5791
1536026400,5905.3008
1536112800,5683.501
1536199200,5776.0952
1536285600,5851.4648
1536544800,5831.1172
1536717600,5798.1509
1536804000,5858.2739
1536890400,5931.2808
1537149600,5824.2568
1537236000,5811.79
1537322400,5873.5972
1537408800,5931.2661
1537495200,5957.7441
1537754400,5882.2202
1537840800,5874.2988
1537927200,5873.271
1538013600,5929.2158
1538100000,5976.5532
1538359200,5944.6011
1538445600,5875.6191
1538532000,5867.7368
1538618400,5756.6191
1538704800,5731.9351
1538964000,5761.0732
1539050400,5796.79
1539136800,5820.668
1539223200,5702.8218
1539309600,5756.4902
1539568800,5727.2559
1539655200,5800.8169
1539741600,5868.6201
1539828000,5845.2422
1539914400,5837.291
1540173600,5840.4351
1540260000,5797.8911
1540346400,5709.417
1540432800,5754.9648
1540519200,5784.9209
1540778400,5754.6069
1540864800,5789.1001
1540951200,5831.6499
1541037600,5835.9199
1541124000,5906.292
1541383200,5920.5942
1541469600,5923.9302
1541556000,5939.8862
1541642400,5976.8062
1541728800,5874.1538
1541988000,5777.0532
1542074400,5835.1982
1542160800,5858.293
1542247200,5955.7358
1542333600,6012.3501
1542592800,6005.2969
1542765600,5948.0518
1542852000,5990.8101
1542938400,6006.2021
1543197600,6022.7778
1543284000,6013.5889
1543370400,5991.2461
1543456800,6107.168
1543543200,6056.124
1543802400,6118.3198
1543888800,6152.8599
1543975200,6133.1201
1544061600,6115.4932
1544148000,6126.356
1544407200,6111.3599
1544493600,6076.5869
1544580000,6115.5771
1544666400,6177.7202
1544752800,6169.8428
1545012000,6089.3052
1545098400,6081.8672
1545184800,6176.0942
1545271200,6147.876
1545357600,6163.5962
1545789600,6127.8501
1545876000,6190.6431
1545962400,6194.498
1546394400,6181.1748
1546480800,6221.0098
1546567200,6274.54
1546826400,6287.2241
1546912800,6262.8472
1546999200,6272.2378
1547085600,6328.7139
1547172000,6361.4648
1547431200,6336.1162
1547517600,6408.7842
1547604000,6413.3599
1547690400,6423.7798
1547776800,6448.1558
1548036000,6450.834
1548122400,6468.562
1548208800,6451.1699
1548295200,6466.6548
1548381600,6482.8428
1548640800,6458.7119
1548727200,6436.48
1548813600,6464.189
1548900000,6532.9692
1548986400,6538.6382
1549245600,6481.4512
1549418400,6547.877
1549504800,6536.457
1549591200,6521.6631
1549850400,6495.002
1549936800,6426.3252
1550023200,6419.1162
1550109600,6420.0181
1550196000,6389.085
1550455200,6497.8149
1550541600,6494.667
1550628000,6512.7842
1550714400,6537.7661
1550800800,6501.3779
1551060000,6525.3579
1551146400,6540.9502
1551232800,6525.6831
1551319200,6443.3481
1551405600,6499.8838
1551664800,6488.4199
1551751200,6441.2798
1551837600,6457.9561
1552010400,6383.0679
1552269600,6366.4341
1552356000,6353.7739
1552442400,6377.5752
1552528800,6413.2661
1552615200,6461.1831
1552874400,6509.4468
1552960800,6480.2759
1553047200,6482.71
1553133600,6501.7759
1553220000,6525.2739
1553479200,6411.251
1553565600,6469.999
1553652000,6444.7378
1553738400,6480.7881
1553824800,6468.7549
1554084000,6452.6108
1554170400,6476.0659
1554343200,6494.6299
1554429600,6474.0181
1554688800,6425.7339
1554775200,6484.3481
1554861600,6478.3262
1554948000,6410.166
1555034400,6405.8662
1555293600,6435.1509
1555380000,6481.541
1555552800,6507.2212
1555898400,6414.7432
1555984800,6462.8218
1556071200,6447.8848
1556157600,6372.7871
1556244000,6401.0801
1556503200,6425.895
1556589600,6455.3521
1556762400,6374.4219
1556848800,6319.459
1557108000,6256.3521
1557194400,6297.3179
1557280800,6270.2021
1557367200,6198.8042
1557453600,6209.1182
1557712800,6135.396
1557799200,6071.2021
1557885600,5980.8848
1557972000,5895.7378
1558058400,5826.8682
1558317600,5907.1211
1558404000,5951.3721
1558490400,5939.6362
1558576800,6032.6958
1558663200,6057.353
1558922400,6098.9741
1559008800,6033.1421
1559095200,6104.106
1559268000,6209.1172
1560132000,6289.6099
1560218400,6305.9922
1560304800,6276.1768
1560391200,6273.082
1560477600,6250.2651
1560736800,6190.5249
1560823200,6257.3301
1560909600,6339.2622
1560996000,6335.6982
1561082400,6315.436
1561341600,6288.4648
1561428000,6320.4448
1561514400,6310.4888
1561600800,6352.71
1561687200,6358.6289
1561946400,6379.688
1562032800,6384.8979
1562119200,6362.6221
1562205600,6375.9668
1562292000,6373.4771
1562551200,6351.8271
1562637600,6388.3232
1562724000,6410.6831
1562810400,6417.0659
1562896800,6373.3452
1563156000,6418.2339
1563242400,6401.8799
1563328800,6394.6089
1563415200,6403.2939
1563501600,6456.5391
1563760800,6433.5469
1563847200,6403.8101
1563933600,6384.9868
1564020000,6401.3652
1564106400,6325.2368
1564365600,6299.0352
1564452000,6376.9961
1564538400,6390.5049
1564624800,6381.542
1564711200,6340.1802
1564970400,6175.7031
1565056800,6119.4712
1565143200,6204.1948
1565229600,6274.6709
1565316000,6282.1318
1565575200,6250.5952
1565661600,6210.9619
1565748000,6267.335
1565834400,6257.5859
1565920800,6286.6572
1566180000,6296.7148
1566266400,6295.7378
1566352800,6252.9668
1566439200,6239.2451
1566525600,6255.5972
1566784800,6214.5098
1566871200,6278.1709
1566957600,6281.646
1567044000,6289.1191
1567130400,6328.4702
1567389600,6290.5459
1567476000,6261.5898
1567562400,6269.6641
1567648800,6306.8032
1567735200,6308.9502
1567994400,6326.2129
1568080800,6336.6729
1568167200,6381.9541
1568253600,6342.1738
1568340000,6334.8428
1568599200,6219.4351
1568685600,6236.6899
1568772000,6276.6328
1568858400,6244.4702
1568944800,6231.4731
1569204000,6206.1992
1569290400,6137.6079
1569376800,6146.4038
1569463200,6230.334
1569549600,6196.8892
1569808800,6169.1021
1569895200,6138.25
1569981600,6055.4248
1570068000,6038.5288
1570154400,6061.252
1570413600,6000.582
1570500000,6039.6011
1570586400,6029.1602
1570672800,6023.6411
1570759200,6105.7998
1571018400,6126.877
1571104800,6158.166
1571191200,6169.5918
1571277600,6181.0142
1571364000,6191.9468
1571623200,6198.9868
1571709600,6225.4971
1571796000,6257.8062
1571882400,6339.647
1571968800,6252.3452
1572228000,6265.3838
1572314400,6281.1382
1572400800,6295.7471
1572487200,6228.3169
1572573600,6207.1909
1572832800,6180.3442
1572919200,6264.1519
1573005600,6217.5449
1573092000,6165.624
1573178400,6177.9858
1573437600,6148.7402
1573524000,6180.9922
1573610400,6142.501
1573696800,6098.9502
1573783200,6128.3452
1574042400,6122.625
1574128800,6152.0898
1574215200,6155.1089
1574301600,6117.3638
1574388000,6100.2422
1574647200,6070.7622
1574733600,6026.188
1574820000,6023.0391
1574906400,5953.0601
1574992800,6011.8301
1575252000,6130.0552
1575338400,6133.896
1575424800,6112.8789
1575511200,6152.1172
1575597600,6186.8682
1575856800,6193.791
1575943200,6183.5049
1576029600,6180.0991
1576116000,6139.397
1576202400,6197.3179
1576461600,6211.5918
1576548000,6244.3521
1576634400,6287.25
1576720800,6249.9302
1576807200,6284.3721
1577066400,6305.9102
1577325600,6319.4429
1577412000,6329.314
1577671200,6299.5391
1577930400,6283.5811
1578016800,6323.4658
1578276000,6257.4028
1578362400,6279.3462
1578448800,6225.686
1578535200,6274.4932
1578621600,6274.9409
1578880800,6296.5669
1578967200,6325.4058
1579053600,6283.3652
1579140000,6286.0479
1579226400,6291.6572
1579485600,6245.043
1579572000,6238.1528
1579658400,6233.4531
1579744800,6249.21
1579831200,6244.1089
1580090400,6133.208
1580176800,6111.1841
1580263200,6113.0449
1580349600,6057.5962
1580436000,5940.0479
1580695200,5884.1699
1580781600,5922.3389
1580868000,5978.5098
1580954400,5987.145
1581040800,5999.6069
1581300000,5952.083
1581386400,5954.397
1581472800,5913.0811
1581559200,5871.9541
1581645600,5866.9448
1581904800,5867.5229
1581991200,5886.9619
1582077600,5928.791
1582164000,5942.4868
1582250400,5882.2549
1582509600,5807.0498
1582596000,5787.138
1582682400,5688.921
1582768800,5535.694
1582855200,5452.704
