time,open,high,low,close,Volume,Volume MA,MA,MA,MA,MA,%K,%D,K,D,Diluted EPS,RSI
1534989600,3180,3270,3130,3270,155835200,112686265,3172,3199,3044.5,3364.425,72.7777777777778,49.50617283950627,30.626089292034447,23.238606446608994,61.2345,54.95635873692956
1535076000,3270,3290,3230,3270,96811700,113929075,3184,3213,3049.1666666666665,3365.15,85.55555555555559,66.66666666666679,36.22130918836652,27.610342563610335,61.2345,54.95635873692956
1535335200,3320,3380,3290,3380,112367400,115312640,3250,3230,3056.5,3366.575,97.22222222222224,85.18518518518529,50.53123157028008,39.126210016893616,61.2345,58.503403221702975
1535421600,3330,3380,3300,3330,99638200,117559290,3280,3242,3066,3367.625,90.81196581196583,91.19658119658129,53.180177794830165,46.644239517825525,61.2345,56.379154259296435
1535508000,3260,3300,3250,3290,79096600,118171305,3308,3252.5,3075.5,3368.45,81.5897435897436,89.87464387464395,52.714830413554814,52.14207992622162,61.2345,54.706412488762076
1535594400,3290,3310,3190,3190,83543000,116975535,3292,3258.5,3080.6666666666665,3368.8,48.25641025641028,73.55270655270664,38.26921245336148,48.05474022058209,61.2345,50.74440820659033
1535680800,3180,3180,3110,3180,142665100,116753875,3274,3258,3082.6666666666665,3369.15,29.975308641975328,53.27382082937646,27.0637174976407,39.34925345485227,61.2345,50.360486193804846
1535940000,3180,3220,3160,3170,64396700,112053370,3232,3254,3083.5,3369.4,16.049382716049404,31.42703387147839,18.23170627447736,27.854878741826457,61.2345,49.96258420514145
1536026400,3200,3200,3090,3110,76142400,110831005,3188,3243,3081.1666666666665,3369.25,19.079685746352435,21.701459034792446,12.35490761704718,19.216777129721688,61.2345,47.58787647402808
1536112800,3070,3070,2900,2930,212574400,114294180,3116,3219,3077.6666666666665,3367.95,12.87673482795436,16.00193443011879,6.268996266613667,12.285203386046012,61.2345,41.37738508988796
1536199200,2910,2990,2910,2960,205998900,120123925,3070,3199.5,3075.6666666666665,3366.75,11.719327420546954,14.558582664951308,2.9662537738895516,7.196719219183407,61.2345,42.6895505352355
1536285600,2980,3030,2960,3030,141556200,122666225,3040,3184.5,3074,3365.65,22.230691056910587,15.60891776847069,8.733199698337213,5.989483246280085,61.2345,45.676085784516275
1536544800,3030,3030,2960,2970,86547600,123510890,3000,3166.5,3071.6666666666665,3364.3,27.56944444444446,20.506487640634056,12.231461188822204,7.97697155368293,61.2345,43.62493210859186
1536717600,2980,3010,2910,2910,118077900,123616710,2960,3142.5,3067.6666666666665,3362.4,23.280228758169955,24.36012141984172,10.73111192438432,10.565257603847853,61.2345,41.65585913865996
1536804000,2960,3010,2960,3000,125523000,120926430,2974,3135.5,3063.1666666666665,3360.95,34.73856209150329,28.52941176470596,12.13696233920013,11.699845150802156,61.2345,45.53730746222862
1536890400,3030,3070,3000,3070,105124900,118441090,2996,3132.5,3062,3359.9,60.29411764705884,39.43763616557742,22.210809010423315,15.026294424669196,61.2345,48.35047020381902
1537149600,3060,3060,2950,2970,91365700,116091010,2984,3120.5,3062.1666666666665,3358.45,70.83333333333336,55.288671023965215,28.458094219387117,20.93528852300346,61.2345,44.86559273155998
1537236000,2970,2980,2920,2940,138381800,114826835,2978,3115,3062.6666666666665,3357.3,52.08333333333335,61.07026143790856,25.207369564123766,25.29209093131134,61.2345,43.86714838060127
1537322400,2970,3020,2970,3000,105405100,115028240,2996,3106,3063,3356.6,36.5277777777778,53.148148148148216,21.37080740433426,25.01209039594832,61.2345,46.379319210447306
1537408800,3050,3120,3020,3090,154589900,119782085,3014,3103,3066.3333333333335,3356,52.361111111111136,46.99074074074082,31.20518454495532,25.92778717113772,61.2345,49.91830436832148
1537495200,3150,3190,3120,3120,203213300,122150990,3024,3095.5,3071.3333333333335,3355.15,70.8024691358025,53.2304526748972,45.18916802751067,32.58838665893335,61.2345,51.05184702091861
1537754400,3120,3120,3000,3010,95256300,122073220,3032,3082.5,3074.1666666666665,3353.5,64.13580246913583,62.43312757201654,46.30054498854185,40.89829918700256,61.2345,46.95032307002435
1537840800,3010,3030,2980,3030,110115400,121960620,3050,3065,3078.8333333333335,3352.25,44.89337822671158,59.943883277216685,43.8447245220266,45.11147917935964,61.2345,47.75367027116006
1537927200,3030,3060,2990,2990,66799500,120318685,3048,3048,3081.3333333333335,3350.2,21.789321789321814,43.60616749505645,37.27099275897633,42.47208742318153,61.2345,46.27828913290162
1538013600,3000,3080,3000,3070,123373000,122532505,3044,3037,3085,3348.75,24.963924963924985,30.548874993319505,54.61428141151327,45.24333289750533,61.2345,49.559138962939706
1538100000,3090,3170,3080,3150,154582600,126084485,3050,3035,3090.3333333333335,3347.75,45.69757727652466,30.816941343257202,73.7797631417735,55.221679104087634,70.2363,52.60589208695741
1538359200,3150,3190,3150,3180,91436300,123523045,3084,3035,3094.5,3347.15,75.85630743525482,48.839269891901544,94.85687828215343,74.41697427848,70.2363,53.709598047558636
1538445600,3150,3180,3080,3110,132361000,126921260,3100,3032,3097.8333333333335,3345.8,81.57059314954053,67.70815928710672,92.14555614472168,86.92739918954948,70.2363,50.803717818937834
1538532000,3150,3150,3080,3100,70057000,126616990,3122,3031.5,3102.1666666666665,3344.8,69.28989139515456,75.5722639933167,83.18291184875848,90.06178209187779,70.2363,50.39372090390852
1538618400,3060,3060,2980,3000,147172500,123346895,3108,3035,3102,3343.75,40.718462823725986,63.85964912280708,63.10168488397935,79.47671762581977,70.2363,46.44798204344514
1538704800,3000,3040,2960,2980,145459400,120319920,3074,3036,3100.8333333333335,3342.15,23.617013548363662,44.54178925574812,48.79193836203288,65.02551169825684,70.2363,45.694757129532874
1538964000,2970,3010,2960,2970,64842800,116484250,3032,3033,3100.5,3340.25,7.588305414392373,23.9745939288274,34.52100113737165,48.80487479446123,70.2363,45.308052280512044
1539050400,2970,3030,2970,3020,51204000,114717070,3014,3035.5,3101.3333333333335,3338.05,14.94001802926288,15.381778997339694,37.81797541299158,40.37697163746531,70.2363,47.640208056675476
1539136800,3030,3040,3010,3010,61258600,111876105,2996,3040.5,3102,3336.2,28.70813397129186,17.07881913831576,37.991501600396184,36.77682605025308,70.2363,47.21633788462063
1539223200,2930,2950,2870,2910,175505100,114375210,2978,3036,3101,3333.9,35.03611971104231,26.2280905705324,27.89174978768727,34.56707560035829,70.2363,43.17293364800917
1539309600,2930,2990,2920,2950,118322700,115035100,2972,3030,3102.3333333333335,3331.45,40.19607843137255,34.64677737123562,17.5992689217067,27.827506769929993,70.2363,45.15064441236281
1539568800,2960,3030,2960,3000,85743500,114753990,2978,3031.5,3104.8333333333335,3329.2,49.01960784313726,41.417268661850756,20.111134496965473,21.867384402119757,70.2363,47.552351130317355
1539655200,3000,3020,2960,3000,65060100,111087905,2974,3034.5,3106.6666666666665,3326.95,66.66666666666667,51.96078431372555,33.96566921573739,23.8920242114698,70.2363,47.552351130317355
1539741600,3060,3080,3030,3070,80082100,109821755,2986,3038,3108.1666666666665,3325,82.7264239028945,66.1375661375662,52.11694976769073,35.39791782679781,70.2363,50.888262960302846
1539828000,3070,3100,3050,3090,65133400,105348930,3022,3038,3109,3323.5,88.7177093059446,79.37026662516864,65.58657078597777,50.55639658980191,70.2363,51.810097418081604
1539914400,3070,3090,3020,3020,80989700,99237750,3036,3033,3109.1666666666665,3321.65,77.5132275132275,82.98578690735559,68.45481767937876,62.0527794110157,70.2363,48.45900377824185
1540173600,3010,3080,3010,3050,48806100,96915240,3046,3035,3110.1666666666665,3319.7,67.19576719576719,77.80890133831315,65.39256272210143,66.4779837291526,70.2363,49.92028437658221
1540260000,3040,3070,3010,3020,58554200,94337180,3050,3034.5,3109.8333333333335,3317.8,39.41798941798941,61.37566137566142,54.837480325310445,62.89495357559682,70.2363,48.473636590344235
1540346400,3000,3040,2950,2950,84562000,95225305,3026,3032.5,3107.5,3315.45,25.13227513227513,43.915343915343975,44.69412956713986,54.97472420485053,70.2363,45.25269129346908
1540432800,2910,3000,2910,3000,131210200,95617165,3008,3029,3106.1666666666665,3313.15,20.370370370370367,28.30687830687837,38.16915582476743,45.90025523907252,70.2363,47.85774062040469
1540519200,3000,3020,2980,2990,66228600,91199465,3002,3021,3104.8333333333335,3310.35,32.35294117647059,25.95186222637209,34.71911960862571,39.1941350001776,70.2363,47.38308037707093
1540778400,3000,3020,2950,2950,51288900,89192095,2982,3009.5,3100.8333333333335,3306.95,40.686274509803916,31.136528685548356,37.05743339370445,36.64856960903247,70.2363,45.48365427523203
1540864800,2960,3030,2950,3030,72385100,86193300,2984,3005.5,3097.1666666666665,3303.9,54.78883861236802,42.609351432880906,47.52846644302911,39.768339815119695,70.2363,49.72638632602876
1540951200,3050,3150,3030,3150,218534400,93617170,3024,3008,3094.1666666666665,3301.5,72.43589743589745,55.97033685268986,67.54276265223619,50.70955416298986,70.2363,55.22803300902975
1541037600,3190,3250,3160,3200,197180000,96117545,3064,3018,3090.6666666666665,3299.45,91.88034188034187,73.03502597620252,91.95835134648847,69.00986014725119,70.2363,57.278551614008215
1541124000,3240,3290,3190,3280,167275500,97208350,3122,3033,3089.5,3298.1,93.4640522875817,85.92676386794041,99.99999999999999,86.50037133290816,70.2363,60.3379044884797
1541383200,3260,3280,3220,3270,79594900,97945955,3186,3048,3088.5,3296.5,91.50326797385621,92.28255404726,98.90623784167413,96.95486306272079,70.2363,59.7746726218575
1541469600,3280,3330,3260,3330,139465400,102359025,3246,3063.5,3088.5,3295.2,97.05882352941177,94.00871459694997,98.90623784167413,99.27082522778267,70.2363,62.014149071921054
1541556000,3340,3370,3310,3370,162720800,107432135,3290,3081.5,3088.1666666666665,3294.2,98.03921568627452,95.53376906318091,98.90623784167413,98.90623784167404,70.2363,63.442416489394205
1541642400,3400,3490,3390,3450,200247500,108669255,3340,3108.5,3093.3333333333335,3293.8,95.55555555555556,96.88453159041403,99.99999999999999,99.27082522778267,70.2363,66.12397057649824
1541728800,3430,3430,3330,3340,115086300,108507435,3352,3128,3096.8333333333335,3292.8,77.03703703703705,90.21060275962246,89.8642426130453,96.25682681823973,70.2363,59.77758388145353
1541988000,3320,3360,3280,3280,77097900,108075155,3354,3142,3098,3291.5,46.60225442834139,73.06494900697807,74.74223217309982,88.20215826204829,70.2363,56.65549948010869
1542074400,3280,3360,3230,3350,101884200,109916360,3358,3159.5,3103,3290.5,33.09798092406789,52.245757463148855,63.79270252212183,76.13305910275557,70.2363,59.26804983559712
1542160800,3350,3420,3350,3350,113793200,111601915,3354,3173.5,3105.8333333333335,3289.2,33.66778149386845,37.78933894875932,62.9789302580985,67.1712883177733,70.2363,59.26804983559712
1542247200,3370,3420,3330,3410,106887100,113689600,3346,3189.5,3110.1666666666665,3288.1,60.76923076923078,42.511664395722455,70.67370790188268,65.81511356070092,70.2363,61.473495076835555
1542333600,3430,3550,3420,3490,173768700,118328550,3376,3213,3113.8333333333335,3287.45,72.46794871794874,55.63498699368275,78.54166595063572,70.73143470353888,70.2363,64.19448033027757
1542592800,3540,3540,3450,3520,78672100,119821850,3424,3236.5,3118,3286.95,87.29166666666669,73.50961538461549,87.96062465812368,79.05866617021394,70.2363,65.16562136777614
1542765600,3420,3470,3350,3430,138069100,123797595,3440,3257,3118.8333333333335,3285.85,72.44318181818183,77.4009324009325,85.64643593615999,84.04957551497306,70.2363,60.024492702943334
1542852000,3430,3550,3430,3550,118307300,125484860,3480,3287,3122.5,3284,78.69318181818183,79.4760101010102,85.31340162296611,86.3068207390832,70.2363,64.00961419234565
1542938400,3530,3580,3470,3480,77910800,122819890,3494,3311,3125.6666666666665,3282.25,67.32542819499342,72.82059727711912,77.4666251426289,82.80882090058493,70.2363,60.31742806965849
1543197600,3450,3550,3450,3540,82014400,123609180,3504,3338.5,3131.5,3281.1,79.71014492753623,75.2429183135706,81.00097046559277,81.26033241039586,70.2363,62.280490097272676
1543284000,3480,3620,3480,3600,172878800,129688675,3520,3371,3138.5,3279.85,77.2410091250671,74.75886074919902,80.39763027941696,79.62174196254614,70.2363,64.14743228505593
1543370400,3650,3660,3580,3650,96069700,130872905,3564,3402,3146.5,3279.1,90.28448738593666,82.41188047951341,88.29216811994188,83.23025628831714,70.2363,65.63927255717505
1543456800,3700,3760,3680,3710,138182700,126855320,3596,3430,3156.5,3279.05,90.70524474919053,86.07691375339817,94.49924431510298,87.72968090482054,70.2363,67.35510538902025
1543543200,3660,3690,3610,3620,211886100,127590625,3624,3451,3168,3278.65,78.12061711079944,86.37011641530897,83.18153785630422,88.65765009711629,70.2363,62.43254222645425
1543802400,3720,3780,3690,3690,136737400,126063720,3654,3471.5,3180.1666666666665,3278.6,69.56989247311827,79.46525144436951,75.93619776944247,84.53899331361647,70.2363,64.55347253547768
1543888800,3690,3750,3680,3710,134411900,128804570,3676,3493.5,3191.5,3278.45,63.27956989247311,70.3233598254637,69.05177008693401,76.05650190422682,70.2363,65.145285495683
1543975200,3640,3680,3610,3650,140136800,128838140,3676,3509.5,3202.8333333333335,3277.8,52.843137254901954,61.89753320683119,67.33845207899606,70.77547331179078,70.2363,61.882587402006926
1544061600,3640,3680,3610,3650,108827300,126143465,3664,3523.5,3215.1666666666665,3277.65,37.35294117647058,51.15854944128196,59.01763118082878,65.13595111558622,70.2363,61.88258740200692
1544148000,3640,3660,3610,3620,111239100,121693045,3664,3532,3225.5,3277.25,17.647058823529402,35.94771241830072,43.64821833982413,56.66810053321626,70.2363,60.21188568217956
1544407200,3610,3630,3570,3610,93075400,120592500,3648,3545.5,3234.5,3276.7,17.21132897603485,24.07044299201168,36.68305888546974,46.449636135374156,70.2363,59.64685356437728
1544493600,3610,3630,3580,3620,112667200,122370965,3630,3562.5,3245.3333333333335,3276.25,24.51970687264804,19.792698224070836,23.586966625890216,34.639414617061306,70.2363,60.04156145649787
1544580000,3620,3640,3590,3620,88520300,121702770,3624,3576,3256.6666666666665,3275.35,37.7104377104377,26.4804911863736,15.695744321492342,25.321923277617373,70.2363,60.04156145649785
1544666400,3690,3690,3650,3680,106283800,121327300,3630,3592.5,3268,3274.35,60.858585858585855,41.02957681389061,18.633894614182356,19.305535187188244,70.2363,62.481336612723915
1544752800,3670,3690,3640,3680,122909500,122128420,3642,3606,3277.8333333333335,3273.45,76.26262626262627,58.27721661055002,27.702977712097525,20.67753888259068,70.2363,62.481336612723915
1545012000,3650,3680,3600,3600,124669800,119673475,3640,3611.5,3285.8333333333335,3272.25,67.17171717171719,68.09764309764319,24.514707206675155,23.617193177651618,70.2363,57.31152424964613
1545098400,3550,3640,3550,3630,118738900,121676815,3642,3617,3296.1666666666665,3271.1,55.66378066378068,66.36604136604147,16.738354936020347,22.985346618264284,70.2363,58.66168326375943
1545184800,3600,3670,3600,3670,133097500,121428235,3652,3629,3306.8333333333335,3270.45,53.67965367965369,58.83838383838394,14.793357369619,18.68213983743811,70.2363,60.418713787498646
1545271200,3610,3660,3610,3650,67329000,118879320,3646,3634,3317.8333333333335,3269.7,71.42857142857144,60.25733525733536,20.718120796719486,17.416611034119555,70.2363,59.096699515996534
1545357600,3610,3630,3600,3620,174467000,123707130,3634,3641,3327,3268.95,70.32967032967035,65.14596514596526,16.237119464036695,17.24953254345834,70.2363,57.12316562601216
1545789600,3550,3630,3520,3600,83406800,123776750,3634,3644,3334.5,3268,59.53601953601956,67.09808709808722,5.924763427100444,14.293334562618819,70.2363,55.81513333887175
1545876000,3650,3670,3620,3660,71717800,118718700,3640,3647,3342.5,3267.6,66.83760683760686,65.56776556776568,8.606580945626913,10.25615461225463,70.2363,58.794724445668024
1545962400,3680,3680,3650,3660,122945700,120062500,3638,3647.5,3351.6666666666665,3267.05,78.05555555555557,68.14306064306074,17.213161891253865,10.581502087993686,72.6423,58.794724445668024
1546394400,3610,3640,3590,3610,74945100,116900620,3630,3642.5,3360.1666666666665,3266.2,79.0277777777778,74.64031339031348,17.213161891253865,14.344301576044828,72.6423,55.348373298879956
1546480800,3580,3640,3580,3620,93458300,110979230,3630,3642.5,3370.5,3265.35,68.75000000000001,75.27777777777787,10.458524829603698,14.96161620403709,72.6423,55.892673247621765
1546567200,3620,3660,3610,3660,114459600,109865340,3642,3641,3381.8333333333335,3264.7,66.25000000000001,71.34259259259268,11.030450237298822,12.900712319385411,72.6423,58.046003924118814
1546826400,3700,3710,3660,3660,74641100,106876800,3642,3638.5,3393.3333333333335,3264.15,68.01282051282054,67.67094017094026,23.636854740567856,15.041943269156741,72.6423,58.046003924118814
1546912800,3660,3680,3630,3680,81361900,103938055,3646,3640,3404.3333333333335,3263.9,72.82051282051283,69.02777777777787,39.554461967855424,24.74058898190732,72.6423,59.15085998428367
1546999200,3710,3740,3690,3720,119390300,104466205,3668,3643.5,3416.1666666666665,3264.2,75.32051282051283,72.05128205128214,58.17308513277061,40.454800613731244,72.6423,61.296650451392615
1547085600,3740,3750,3710,3750,141926800,106000590,3694,3650,3430.1666666666665,3264.1,88.14102564102565,78.76068376068383,78.9000139628349,58.87585368782027,72.6423,62.83779551814388
1547172000,3760,3770,3700,3730,107861300,106739885,3708,3656,3443.1666666666665,3264.3,86.30952380952384,83.25702075702084,86.86119429587853,74.64476446382797,72.6423,61.12962265278735
1547431200,3730,3790,3730,3790,115067500,106859900,3734,3664.5,3456.3333333333335,3264.45,90.4761904761905,88.3089133089134,92.3973981109746,86.05286878989597,72.6423,64.20260425674022
1547517600,3770,3790,3740,3780,140860200,109476895,3754,3672.5,3469.3333333333335,3264.55,87.14285714285717,87.97619047619058,89.09092680920419,89.44983973868572,72.6423,63.324316439897856
1547604000,3790,3800,3760,3780,103772600,109351335,3766,3677.5,3481.1666666666665,3264.7,90.00000000000001,89.20634920634929,93.38705739645918,91.62512743887926,72.6423,63.32431643989786
1547690400,3790,3840,3780,3810,119859400,109198830,3778,3684,3493.1666666666665,3265.55,82.85714285714288,86.66666666666676,93.38705739645918,91.95501386737412,72.6423,64.91954696422967
1547776800,3850,3850,3790,3820,66594600,106295070,3796,3695,3506.5,3266.25,77.85714285714288,83.57142857142867,96.6935286982296,94.48921449704926,72.6423,65.44688318519079
1548036000,3800,3830,3800,3800,80926000,104404425,3798,3703.5,3519,3266.8,69.37229437229439,76.6955266955268,93.37313361675494,94.48457323714786,72.6423,63.43923891459696
1548122400,3770,3790,3740,3770,119687600,103733930,3796,3708.5,3531.5,3266.95,52.27272727272729,66.50072150072161,77.07233437882324,89.04633223126922,72.6423,60.50846971742015
1548208800,3760,3810,3730,3770,163458500,108540405,3794,3714.5,3545.1666666666665,3266.75,38.3838383838384,53.34295334295344,60.77153514089154,77.0723343788232,72.6423,60.50846971742015
1548295200,3750,3810,3750,3790,176166500,108625380,3790,3723,3558.3333333333335,3267.35,36.868686868686886,42.50841750841761,55.399272845489484,64.41438078840137,72.6423,61.81168359753779
1548381600,3820,3820,3780,3780,127141300,110812105,3782,3732,3571.5,3268.25,44.444444444444464,39.89898989899,56.217795303094924,57.46286776315859,72.6423,60.75644543132903
1548640800,3750,3790,3750,3780,93581100,111905270,3778,3738,3585.3333333333335,3269.15,51.851851851851876,44.38832772166116,57.03631776070035,56.21779530309487,72.6423,60.75644543132903
1548727200,3780,3820,3650,3690,187613500,115138660,3762,3739.5,3596.3333333333335,3269.6,43.02832244008717,46.44153957879459,35.70211310601409,49.65207538993639,72.6423,51.91769938519915
1548813600,3700,3760,3700,3750,144747500,118628780,3758,3746.5,3606.3333333333335,3270.6,45.969498910675405,46.94989106753824,28.824899458695963,40.521110108470076,72.6423,56.37171351509815
1548900000,3800,3870,3800,3850,252448500,126578290,3770,3758,3617.1666666666665,3271.85,57.75401069518718,48.91727734865001,36.974555085002734,33.83385588323754,72.6423,62.47075180533769
1548986400,3880,3930,3870,3920,140105900,127860605,3798,3771,3627.8333333333335,3273.45,82.05373058314237,61.92574672966841,70.30788841833606,45.3691143206782,72.6423,65.97551879935202
1549245600,3950,3950,3890,3900,75955600,127926330,3822,3783,3638.3333333333335,3274.95,90.22366522366525,76.67713550066502,88.39360459126367,65.22534936486743,72.6423,64.17312039866209
1549418400,3920,3940,3910,3920,78073900,127761930,3868,3795,3648.1666666666665,3277.1,89.25396825396827,87.17712135359206,93.82711084047067,84.17620128335675,72.6423,65.17459636799462
1549504800,3930,3930,3890,3930,82938300,125939330,3904,3805.5,3657.5,3279.4,86.00000000000001,88.49254449254461,93.12526567142258,91.78199370105226,72.6423,65.6795264200568
1549591200,3860,3910,3850,3890,78473000,122766640,3912,3812.5,3664.8333333333335,3281.45,71.55555555555559,82.2698412698414,87.73679855595401,91.56305835594902,72.6423,61.90061746981134
1549850400,3890,3920,3860,3870,55587600,120152955,3902,3819.5,3673.6666666666665,3283.15,48.888888888888914,68.81481481481495,75.65964846019818,85.50723756252488,72.6423,60.08124451548199
1549936800,3900,3900,3820,3850,94961400,119147650,3892,3822.5,3683.1666666666665,3284.5,28.333333333333357,49.592592592592744,58.10989532530383,73.83544744715196,72.6423,58.27818861005757
1550023200,3890,3890,3780,3790,108181100,117513695,3866,3823,3690.5,3285.2,17.222222222222246,31.481481481481634,37.55830917183481,57.10928431911223,72.6423,53.23330286521517
1550109600,3820,3850,3750,3800,119542400,118302185,3840,3824,3698,3286.25,20.35947712418303,21.971677559913005,22.979653094271423,39.549285863803306,72.6423,53.932921082299146
1550196000,3840,3840,3750,3770,87738200,116696125,3816,3822,3704,3287.35,15.947712418300677,17.843137254902114,7.897918064880531,22.81196011032887,72.6423,51.49999322329565
1550455200,3790,3860,3790,3840,93662400,118049515,3810,3823,3709.8333333333335,3288.75,33.725490196078454,23.34422657952085,15.91827724314065,15.598616134097483,72.6423,56.337655239697455
1550541600,3900,4000,3880,3910,139946000,121000515,3822,3828.5,3716.3333333333335,3290.35,45.25490196078434,31.64270152505462,31.833199484621094,18.549798264214036,72.6423,60.48640000611399
1550628000,3910,3940,3860,3890,124066500,121219460,3842,3834.5,3724,3291.5,60.00000000000002,46.32679738562106,48.65678042782452,32.1360857185287,72.6423,58.80589851002152
1550714400,3830,3940,3830,3910,114540900,118773580,3864,3841.5,3730,3292.9,61.33333333333335,55.529411764706026,57.03586436627511,45.841948092906854,72.6423,59.97640455534639
1550800800,3860,3910,3860,3900,81700600,114050285,3890,3847,3737,3294.1,57.460317460317476,59.59788359788374,53.826484997297854,53.17304326379911,72.6423,59.09267641194705
1551060000,3940,3970,3900,3960,106730500,113029745,3914,3856,3744,3296,64.28384687208218,61.025832555244456,62.5067255010199,57.7896916215309,72.6423,62.57542981255999
1551146400,3960,3970,3910,3940,61418800,111421630,3920,3864,3749.6666666666665,3298.25,69.14098972922504,63.62838468720835,64.31193343935804,60.21504797922521,72.6423,60.760344565791804
1551232800,3910,3920,3850,3870,88062100,106444060,3916,3873,3753.3333333333335,3301.05,61.204481792717104,64.8764394646749,54.64362681756603,60.48742858598127,72.6423,54.894061818519894
1551319200,3850,3870,3840,3850,106492300,104531300,3904,3878,3755.6666666666665,3304.6,38.27838827838829,56.20795326677694,33.38856226464228,50.7813741738554,72.6423,53.34508289586268
1551405600,3870,3890,3860,3870,71431900,95480470,3898,3879,3759.8333333333335,3308.2,19.78021978021979,39.75436328377519,19.412197380570856,35.814795487593,72.6423,54.69088774560164
1551664800,3900,3920,3880,3880,57026900,91326520,3882,3877,3763,3311.5,20.512820512820525,26.190476190476335,20.69062681580368,24.497128820338883,72.6423,55.3684866251079
1551751200,3900,3900,3860,3860,70615700,91059525,3866,3875,3765.5,3314.65,26.282051282051295,22.19169719169734,21.563022784450737,20.5552823269417,72.6423,53.678459933944154
1551837600,3890,3920,3860,3900,56508700,89981265,3872,3874,3769.6666666666665,3318.4,43.5897435897436,30.12820512820527,25.911289987379472,22.721646529211238,72.6423,56.47533300724349
1552010400,3820,3880,3810,3850,129784700,92323585,3872,3870,3773,3322.5,45.45454545454547,38.44211344211359,19.281472145369623,22.251928305733216,72.6423,52.31877591731864
1552269600,3900,3900,3830,3850,69676100,91883740,3868,3868,3776.8333333333335,3326.5,49.242424242424256,46.09557109557124,16.62457938185666,20.605780504868523,72.6423,52.31877591731864
1552356000,3880,3890,3810,3830,79468800,93077800,3858,3866,3780.5,3330.3,30.303030303030322,41.666666666666806,4.928520198271556,13.611523908499217,72.6423,50.666035479700085
1552442400,3800,3810,3780,3800,84077200,92533590,3846,3863.5,3783.5,3333.25,22.943722943722964,34.16305916305931,2.464260099135732,8.005786559754586,72.6423,48.25894425705474
1552528800,3780,3870,3780,3870,138244200,94036745,3840,3867.5,3787.6666666666665,3336.8,35.82251082251084,29.689754689754846,12.58850904307676,6.660429780161286,72.6423,53.66564049347145
1552615200,3900,3980,3890,3980,201313000,98125275,3866,3876.5,3792.6666666666665,3340.75,63.09523809523811,40.62049062049077,41.07606118133766,18.709610107849986,72.6423,60.494193118028186
1552874400,3990,4040,3980,4040,117760600,99626395,3904,3890,3798.6666666666665,3345.6,91.66666666666669,63.52813852813867,74.40939451467099,42.69132157969508,72.6423,63.57627920384603
1552960800,4040,4050,3970,3990,95786500,99732600,3936,3897.5,3805.1666666666665,3350.2,92.59259259259261,82.45149911816591,86.29242850543316,67.25929473381389,72.6423,59.50410889647862
1553047200,3960,4010,3960,3980,121302800,98800440,3972,3901,3811,3355.15,83.95061728395063,89.40329218107007,80.55350950608927,80.41844417539777,72.6423,58.71239725816878
1553133600,4010,4040,3970,3980,142109200,99702575,3994,3905.5,3816.1666666666665,3360.35,69.3672839506173,81.97016460905361,69.96880931167296,78.93824910773175,72.6423,58.71239725816878
1553220000,4030,4070,4000,4060,122823900,100116725,4010,3913,3823,3366.85,73.7443883277217,75.68742985409665,77.72483071528593,76.08238317768267,72.6423,63.06815622728729
1553479200,4030,4040,3990,4000,120025700,102032980,4002,3918,3829.3333333333335,3373.25,61.17424242424246,68.09530490086058,76.65154740833724,74.78172914509867,72.6423,58.21920206100879
1553565600,4050,4080,4010,4060,102500700,101821490,4016,3923,3837,3379.15,70.20202020202022,68.37355031799488,82.3857801738521,78.92071943249171,72.6423,61.347392176136466
1553652000,4080,4080,4040,4040,85568800,103028990,4028,3928,3843.3333333333335,3384.05,61.111111111111136,64.16245791245802,75.2236387652494,78.08698878247954,72.6423,59.77700866053176
1553738400,4070,4100,4030,4100,85272700,102889520,4052,3939.5,3850.6666666666665,3388.95,82.32323232323233,71.21212121212132,85.16033278495262,80.92325057468467,72.6423,62.78531217791595
1553824800,4050,4140,4050,4120,131160100,104122910,4064,3953,3859.1666666666665,3393.3,83.43434343434346,75.62289562289573,90.0108002138541,83.46492392135201,66.7902,63.73693945307607
1554084000,4140,4160,4130,4140,83846100,104743620,4092,3966.5,3867.8333333333335,3398.3,91.11111111111114,85.62289562289573,98.27871051833812,91.14994783904825,66.7902,64.68745220692935
1554170400,4170,4170,4130,4150,63949000,105089725,4110,3980,3876,3403.65,86.34920634920638,86.96488696488707,99.99999999999993,96.09650357739736,66.7902,65.16798004565092
1554343200,4180,4280,4140,4220,81609600,105639420,4146,3998,3885.3333333333335,3409.1,82.79365079365083,86.75132275132286,99.99999999999993,99.42623683944596,66.7902,68.34225080753207
1554429600,4260,4290,4250,4260,68749900,106251480,4178,4016,3895,3414.85,83.0714285714286,84.07142857142868,99.99999999999993,99.9999999999999,66.7902,69.98740713173794
1554688800,4290,4290,4210,4290,99677300,104746110,4212,4038,3904.5,3420.55,87.83333333333336,84.56613756613768,99.99999999999993,99.9999999999999,66.7902,71.170194055176
1554775200,4280,4350,4260,4310,105727100,106548660,4246,4061,3913.8333333333335,3425.75,89.7727272727273,86.89249639249651,99.99999999999993,99.9999999999999,66.7902,71.94605184208268
1554861600,4300,4320,4260,4320,130700500,109110245,4280,4085.5,3923.6666666666665,3431.65,89.17748917748919,88.92784992785003,99.99999999999993,99.9999999999999,66.7902,72.3378592028589
1554948000,4300,4320,4280,4300,198401800,114826475,4296,4110.5,3932.1666666666665,3438.35,77.2727272727273,85.40764790764801,96.3115132902479,98.77050443008255,66.7902,70.27169228632414
1555034400,4300,4320,4280,4310,120459200,113937225,4306,4132.5,3941,3445.35,73.80952380952384,80.08658008658018,92.47290553014822,96.26147294013198,66.7902,70.71197959685212
1555293600,4350,4360,4310,4350,64160400,107079595,4318,4151,3950.5,3452.2,75.23809523809526,75.44011544011555,92.47290553014822,93.75244145018142,66.7902,72.43115779468387
1555380000,4330,4360,4320,4340,90837700,105733450,4324,4166,3959.3333333333335,3459.45,80.4761904761905,76.5079365079366,93.57710788821794,92.8409729828381,66.7902,71.32932575040373
1555552800,4450,4730,4380,4460,182035000,110045875,4352,4189.5,3970,3467.65,70.00000000000001,75.23809523809531,97.41571564831763,94.48857635556124,66.7902,75.95051177328484
1555898400,4460,4460,4410,4440,101963500,109078910,4380,4212.5,3980.6666666666665,3475.65,51.85185185185187,67.44268077601419,93.48927534343369,94.82736629332305,66.7902,73.86188389990502
1555984800,4410,4450,4410,4430,54840800,104715490,4404,4235,3991.6666666666665,3484.05,34.70899470899473,52.186948853615604,90.16607447833911,93.69035515669678,66.7902,72.80808827330395
1556071200,4410,4430,4400,4400,172810100,107214800,4414,4252,4002.1666666666665,3491.85,27.8797264163118,38.14685765905286,78.35776781794324,87.3377058799053,66.7902,69.66920949609451
1556157600,4380,4390,4260,4330,184463200,110436675,4412,4268.5,4011.1666666666665,3499.25,20.99241357155215,27.86037823228629,55.59013765455038,74.70465998361088,66.7902,62.9984128189631
1556244000,4240,4360,4210,4330,132874000,111955340,4386,4282,4020.3333333333335,3506.75,27.468604047742627,25.44691467853559,34.80355240305047,56.25048595851465,66.7902,62.9984128189631
1556503200,4290,4350,4280,4340,76916700,111522735,4366,4297,4029.6666666666665,3513.8,39.02009456264777,29.16037072731425,15.216799682635648,35.203496580078784,66.7902,63.55084508157991
1556589600,4390,4410,4340,4370,127804000,113649300,4354,4310.5,4041,3521.1,58.29797979797982,41.5955594694568,14.22278917588254,21.414380420522843,66.7902,65.19194883396902
1556762400,4420,4420,4340,4370,126901700,113436380,4348,4323,4051.3333333333335,3528.75,67.69480519480521,55.00429318514433,13.228778669129468,14.22278917588251,66.7902,65.19194883396904
1556848800,4330,4400,4310,4380,109485100,114718330,4358,4335,4060.1666666666665,3535.6,76.62337662337664,67.53872053872061,18.401087905030483,15.284218583347455,66.7902,65.7613221313451
1557108000,4300,4300,4190,4230,143009800,118671370,4338,4339,4065.3333333333335,3541.5,58.17805383022776,67.4987452161366,12.755835546727056,14.795234040295627,66.7902,52.26301017639051
1557194400,4210,4280,4210,4250,112789100,120230345,4320,4340.5,4071.1666666666665,3547.8,41.47688060731541,58.759437020306656,8.991648762891478,13.382857404882964,66.7902,53.59974249036264
1557280800,4250,4250,4180,4220,120152500,122800475,4290,4338.5,4076.1666666666665,3554.05,20.04830917874398,39.9010812054291,1.881065574467809,7.876183294695408,66.7902,51.33024149265061
1557367200,4140,4160,4120,4120,163340000,125983610,4240,4330,4079.3333333333335,3559.8,14.25120772946862,25.258799171842725,1.881065574467809,4.2512599706089915,66.7902,44.69067494080416
1557453600,4100,4160,4090,4120,120282900,126711400,4188,4320.5,4083.1666666666665,3565.55,10.31746031746034,14.872325741891038,0,1.2540437163118323,66.7902,44.69067494080416
1557712800,4130,4140,4100,4100,71877200,123770235,4162,4309.5,4087,3571.7,6.516290726817062,10.361652924582064,0,0.627021858155896,66.7902,43.44532262506404
1557799200,4000,4090,3970,4050,115090400,119604665,4122,4297,4090.3333333333335,3577.7,16.040100250626587,10.95795043163472,0,0,66.7902,40.477070447696
1557885600,4050,4060,3890,3890,167394600,121951435,4056,4276,4092,3582.7,11.278195488721826,11.278195488721883,0,0,66.7902,32.904555066887326
1557972000,3940,3990,3820,3860,144094800,125948155,4004,4251.5,4093,3587.1,13.445378151260526,13.587891296869705,0,0,66.7902,31.732851225210567
1558058400,3910,3910,3770,3790,155199000,129166220,3938,4224,4093.3333333333335,3590.85,5.723370429252802,10.148981356411776,0,0,66.7902,29.180676695976757
1558317600,3800,3850,3660,3750,165275800,128328260,3868,4188.5,4091.8333333333335,3594.55,12.700114615299313,10.622954398604271,0,0,66.7902,27.83414226399978
1558404000,3800,3840,3710,3750,206532500,133556710,3808,4154,4089.1666666666665,3598.35,16.278545987848332,11.567343677466873,0,0,66.7902,27.83414226399978
1558490400,3710,3830,3710,3770,118633800,136746360,3784,4121,4087.1666666666665,3602,25.587855297157645,18.188838633435154,1.4333484504007121,0.4777828168002374,66.7902,29.633069127685758
1558576800,3820,3890,3800,3850,209226900,138567200,3782,4093.5,4086.1666666666665,3605.8,43.94444444444446,28.6036152431502,8.888857132245697,3.44073519421547,66.7902,36.31713482736646
1558663200,3780,3930,3770,3850,150398400,136863960,3794,4069.5,4085.3333333333335,3609.65,59.90123456790125,43.144511436501176,16.344365814090683,8.888857132245697,66.7902,36.31713482736646
1558922400,3900,3970,3860,3920,123578400,136399180,3828,4049,4084.6666666666665,3613.9,75.71320037986706,59.85295979740431,27.086325821398532,17.439849589244968,66.7902,41.68739567847748
1559008800,3930,3950,3810,3810,376621800,151384435,3840,4022.5,4082.5,3617,63.20037986704656,66.27160493827168,27.321087104960398,23.58392624681653,66.7902,36.584249830192654
1559095200,3890,3950,3860,3940,139713200,151979895,3874,4001,4083.6666666666665,3620.45,68.0769230769231,68.99683444127895,34.92173928054982,29.776384068969577,66.7902,44.96527389254775
1559268000,3990,4120,3980,4100,261104200,158690020,3924,3987.5,4087.8333333333335,3624.3,72.58241758241759,67.95324017546247,44.8735735434617,35.705466642990636,66.7902,53.01074592146155
1560132000,4220,4270,4200,4230,196745300,163053030,4000,3980,4093.8333333333335,3628.4,90.19668737060043,76.95200934331375,70.51663691138818,50.103983245133236,66.7902,58.23289064644843
1560218400,4250,4250,4150,4230,116270900,161716085,4062,3980,4099.666666666667,3632.8,92.29813664596274,85.0257471996603,88.79380938728711,68.06133994737901,66.7902,58.23289064644843
1560304800,4170,4210,4170,4210,92904100,160721835,4142,3978,4105.5,3637.2,89.32484977023684,90.60655792893338,98.81278185947114,86.04107605271548,66.7902,57.150192280577976
1560391200,4250,4250,4180,4200,116825700,160555495,4194,3977,4110.5,3641.55,84.17742348338028,88.60013663319332,97.01827234043213,94.87495452906347,66.7902,56.59636534627316
1560477600,4170,4240,4170,4230,72298800,156003435,4220,3982.5,4116.833333333333,3645.75,75.96486309690687,83.15571211684136,96.63699026436605,97.48934815475644,66.7902,57.885175709656316
1560736800,4250,4250,4200,4200,55193600,152748970,4214,3986.5,4122.666666666667,3651.05,64.176245210728,74.77284393033841,95.51911248319652,96.39145836266489,66.7902,56.130729718814905
1560823200,4180,4260,4180,4260,158342200,157072220,4220,3994.5,4129.833333333333,3656.7,72.22222222222226,70.78777684328573,97.31362200223553,96.4899082499327,66.7902,58.76206362589912
1560909600,4320,4340,4280,4290,167220600,159678730,4236,4006.5,4138,3662.1,73.52941176470591,69.97595973255208,97.6949040783016,96.84254618791122,66.7902,60.02406712157351
1560996000,4330,4330,4280,4310,107715700,156694785,4258,4027.5,4145.333333333333,3668.4,84.31372549019612,76.68845315904146,99.99999999999999,98.33617536017904,66.7902,60.86453149084812
1561082400,4290,4360,4260,4360,170191100,157999600,4284,4052.5,4151.666666666667,3674.3,84.31372549019612,80.71895424836609,99.99999999999999,99.2316346927672,66.7902,62.916263300173405
1561341600,4310,4350,4290,4310,82569600,154368130,4306,4078.5,4156.166666666667,3680.1,84.85838779956431,84.4952795933189,96.87353636505476,98.95784545501824,66.7902,59.62577403048311
1561428000,4350,4350,4290,4330,59456000,149077140,4320,4107.5,4161.833333333333,3685.4,80.74074074074076,83.30428467683377,94.573626865081,97.14905441004525,66.7902,60.495692196663654
1561514400,4330,4370,4320,4360,102850200,143893025,4334,4138,4168.166666666667,3690.85,77.71043771043772,81.10318875024763,93.45110918238093,94.96609080417223,66.7902,61.795434080312695
1561600800,4380,4390,4350,4380,81746600,142048665,4348,4168.5,4174.833333333333,3695.85,84.40559440559441,80.95225761892432,96.25344501723707,94.759393688233,66.7902,62.65761779028808
1561687200,4370,4400,4350,4360,102580700,136716355,4348,4194,4179.833333333333,3701,82.28438228438229,81.46680480013816,96.40721996220725,95.3705913872751,66.7902,61.20370403771929
1561946400,4400,4420,4380,4420,104844900,134438680,4370,4222.5,4186.833333333333,3706.65,85.31468531468532,84.00155400155404,97.52973764490731,96.7301342081172,66.7902,63.85245553604249
1562032800,4420,4420,4360,4410,134440200,134981770,4386,4247,4192.666666666667,3712.75,84.54545454545456,84.04817404817409,96.93000811479267,96.95565524063574,66.7902,63.09669758435692
1562119200,4390,4420,4360,4400,74371900,119869275,4394,4276.5,4198.666666666667,3718.85,87.14285714285717,85.66766566766573,96.37201062430158,96.94391879466718,66.7902,62.3202525421049
1562205600,4360,4400,4360,4390,38687900,114818010,4396,4299,4203.5,3724.95,72.85714285714289,81.51515151515157,89.2109839243545,94.17100088781625,66.7902,61.52332237534988
1562292000,4420,4420,4380,4400,53771200,104451360,4404,4314,4208.166666666667,3731.4,65.07936507936512,75.0264550264551,82.28646893533745,89.28982116133118,66.7902,62.03436616122625
1562551200,4380,4410,4370,4400,46233200,96925755,4400,4322.5,4212.5,3738.75,63.49206349206353,67.14285714285722,77.14222866161133,82.87989384043442,66.7902,62.034366161226245
1562637600,4370,4410,4370,4410,64718300,94348125,4400,4331.5,4216.833333333333,3746,72.22222222222226,66.93121693121702,78.83185199999927,79.42018319898268,66.7902,62.58499523823998
1562724000,4410,4480,4400,4470,80977700,93751805,4414,4344.5,4221,3753.2,80.55555555555559,72.08994708994719,86.68022431922003,80.88476832694356,66.7902,65.72462439994645
1562810400,4490,4540,4480,4510,91416500,92481345,4438,4360,4225.166666666667,3760.9,85.78431372549022,79.52069716775608,94.52859663844083,86.68022431922005,66.7902,67.63074505843551
1562896800,4510,4540,4490,4510,64575400,92095175,4460,4374,4228.833333333333,3768.9,85.45751633986931,83.93246187363845,99.99999999999996,93.7362736525536,66.7902,67.63074505843551
1563156000,4540,4560,4520,4530,68954800,92783235,4486,4390.5,4232.5,3776.55,82.97213622291025,84.73798876275667,99.99999999999996,98.17619887948024,66.7902,68.59823188785008
1563242400,4500,4550,4500,4550,84477400,89089995,4514,4405,4236.333333333333,3783.95,86.77115583075339,85.06693613117773,99.99999999999996,99.99999999999994,66.7902,69.55606434294458
1563328800,4520,4550,4500,4520,65303400,83994135,4524,4416.5,4240,3791.7,75.98684210526318,81.91004471964236,89.27180756946841,96.42393585648944,66.7902,66.36004238205068
1563415200,4500,4510,4440,4450,77028200,82459760,4512,4423.5,4242.333333333333,3799.25,50.694444444444464,71.15081412682042,55.95383081013002,81.74187945986613,66.7902,59.63034888762235
1563501600,4450,4490,4440,4480,64335100,77166960,4506,4429.5,4244.5,3806.65,30.555555555555582,52.41228070175449,28.564182912738904,57.929940430779105,66.7902,61.39644968762877
1563760800,4500,4510,4460,4500,41944400,75135700,4500,4439,4247.166666666667,3813.7,32.0707070707071,37.77356902356913,15.7516145685982,33.42320943048903,66.7902,62.546297551408344
1563847200,4500,4500,4470,4490,43317300,74328765,4488,4447,4247.666666666667,3820.55,44.444444444444464,35.690235690235795,22.286759716367854,22.200852399234975,66.7902,61.58090137301736
1563933600,4520,4520,4440,4450,53053100,71838910,4474,4451.5,4247.833333333333,3827.75,37.50000000000002,38.00505050505061,16.34307428042564,18.12714952179722,66.7902,57.82303577213351
1564020000,4470,4480,4450,4460,60404000,70771780,4476,4455.5,4248.333333333333,3834.9,27.65151515151517,36.53198653198663,8.444313101050513,15.691382365947993,66.7902,58.48964006276018
1564106400,4410,4470,4400,4440,77381500,69511820,4468,4459.5,4249,3842.15,23.61111111111113,29.587542087542186,1.8938113792859081,8.89373292025401,66.7902,56.60615225642143
1564365600,4480,4480,4440,4460,91877000,68863425,4460,4461.5,4251.166666666667,3849.1,36.11111111111113,29.124579124579224,5.555851538668224,5.29799200633487,66.7902,58.02884520006098
1564452000,4500,4500,4460,4500,68755800,65579205,4462,4466,4254,3855.85,55.55555555555557,38.42592592592602,14.299422020787711,7.249694979580603,66.7902,60.73874705450072
1564538400,4500,4510,4450,4480,105834600,67152340,4468,4470,4256.333333333333,3862.35,68.68686868686869,53.45117845117854,19.79857063837007,13.217948065941991,66.7902,58.742556990873936
1564624800,4490,4510,4410,4450,143626600,72399275,4466,4473,4257.666666666667,3869.05,67.17171717171719,63.80471380471389,16.13653047898775,16.744841046048503,66.7902,55.84464463830054
1564711200,4400,4470,4390,4450,119342500,75677840,4468,4475.5,4259,3875.8,56.060606060606084,63.973063973064065,5.499148617582321,13.811416578313372,66.7902,55.84464463830054
1564970400,4410,4420,4270,4270,150837200,80908040,4430,4469,4257.166666666667,3882.15,31.818181818181838,51.68350168350179,0,7.211893032190016,66.7902,42.05258476336698
1565056800,4100,4210,4020,4100,247636800,90053965,4350,4453.5,4255,3887.75,22.108843537414984,36.66254380540106,0,1.8330495391940989,66.7902,33.76286720567889
1565143200,4140,4290,4140,4250,146976400,93353900,4304,4442.5,4255,3894.15,21.08843537414968,25.005153576582256,9.546135358290128,3.1820451194300343,66.7902,44.01346834902792
1565229600,4250,4320,4250,4290,93336500,93449900,4272,4431.5,4256.166666666667,3900.5,41.088435374149675,28.095238095238198,21.262907423370837,10.269680927220314,66.7902,46.34428917581413
1565316000,4330,4350,4300,4330,82471300,94344695,4248,4422.5,4259.666666666667,3907.1,61.479591836734706,41.218820861678104,35.07750363774227,21.96218213980107,66.7902,48.596924175860515
1565575200,4380,4380,4290,4300,51057200,93449815,4254,4411,4262.666666666667,3914.05,71.75925925925928,58.10909549004797,37.89405860627877,31.411489889130618,66.7902,47.03787356613108
1565661600,4330,4330,4250,4280,80133600,93232625,4290,4397.5,4265.666666666667,3920.7,71.20370370370371,68.14751826656598,38.69304467109884,37.22153563837328,66.7902,46.00221801244314
1565748000,4330,4350,4310,4330,93273200,94631115,4306,4388,4270.333333333333,3927.35,65.88319088319089,69.61538461538471,42.47731558023322,39.688139619203604,66.7902,48.959540186074214
1565834400,4210,4280,4180,4250,115233200,96541365,4298,4378,4276.333333333333,3933.6,51.62393162393164,62.90360873694217,42.9252672636997,41.36520917167724,66.7902,44.82489386529931
1565920800,4250,4260,4200,4210,93606900,98004955,4274,4364.5,4282.166666666667,3939.3,37.17948717948719,51.56220322887,41.01104654447971,42.1378764628042,66.7902,42.91732561421815
1566180000,4130,4220,4130,4180,60369000,98926185,4250,4348.5,4288.666666666667,3944.75,24.24242424242425,37.68194768194778,32.710032646430754,38.88211548487005,66.7902,41.522307166938596
1566266400,4180,4200,4090,4100,102619200,101891280,4214,4329,4294.5,3950.15,13.857808857808863,25.093240093240187,25.197522815876216,32.97286733559556,66.7902,38.050520518793014
1566352800,4100,4170,4040,4050,84386400,103457945,4158,4309,4299.5,3955.15,10.24669774669775,16.11564361564371,17.44259538812679,25.116716950144582,66.7902,36.06656147195928
1566439200,4060,4140,4000,4070,124079400,106641715,4122,4289.5,4304.5,3960.4,11.64529914529915,11.916601916602007,12.68845607761269,18.442858093871894,66.7902,37.439987624786355
1566525600,4030,4100,4020,4080,58236900,105684485,4096,4271.5,4308.333333333333,3966.05,22.484459984459992,14.792152292152386,12.798290729984265,14.309780731907912,66.7902,38.1394071103614
1566784800,4020,4070,4000,4070,64788000,104330035,4074,4252,4312,3971.4,32.76223776223777,22.29733229733239,14.811480120426003,13.432742309340982,66.7902,37.69578812524366
1566871200,4130,4210,4080,4200,178201800,109802335,4094,4237,4316.666666666667,3977.45,55.533910533910536,36.926869426869516,26.932047361479647,18.18060607062997,66.7902,46.250924418780734
1566957600,4220,4240,4190,4190,99957200,109508465,4122,4222.5,4323,3983.65,69.8015873015873,52.69924519924529,39.607581383568636,27.11703628849143,66.7902,45.74234243763035
1567044000,4220,4220,4160,4200,68027100,105728490,4148,4210,4327.333333333333,3989.5,85.91269841269842,70.4160654160655,53.768466426393566,40.10269839048062,66.7902,46.363182802517485
1567130400,4190,4270,4120,4270,108998100,105211270,4186,4201,4330.166666666667,3995.1,87.5,81.07142857142865,70.43751860373051,54.60452213789757,66.7902,50.53381381026094
1567389600,4270,4280,4210,4220,68472900,101093055,4216,4198.5,4330,4000.2,84.44444444444444,85.95238095238103,80.13963332060622,68.1152061169101,66.7902,47.742599459217075
1567476000,4180,4270,4130,4150,76155900,92519010,4206,4201,4328.666666666667,4004.55,62.916666666666664,78.28703703703712,79.74120631409308,76.7727860794766,66.7902,44.14894838360085
1567562400,4180,4180,4100,4160,76686000,89004490,4200,4196.5,4327.833333333333,4009,40.69444444444445,62.685185185185276,66.47040092479865,75.45041351983265,66.7902,44.77405110127846
1567648800,4220,4230,4180,4220,77131600,88194245,4204,4193,4328.166666666667,4013.45,39.583333333333336,47.73148148148158,67.14811022468773,71.11990582119317,66.7902,48.420144570818046
1567735200,4260,4290,4250,4270,114425200,89791940,4204,4190,4328.833333333333,4017.95,63.1578947368421,47.81189083820673,81.85918614833616,71.8258990992742,66.7902,51.24378716164571
1567994400,4290,4290,4170,4170,68317900,90654975,4194,4183.5,4328.333333333333,4021.55,64.32748538011695,55.68957115009757,83.49966671763865,77.50232103022087,66.7902,45.948305222524326
1568080800,4180,4190,4150,4190,69287000,90112645,4202,4179,4327.166666666667,4025.8,57.89473684210526,61.79337231968821,79.26701418760278,81.54195568452589,66.7902,47.09919295389251
1568167200,4150,4260,4150,4250,114308200,91164395,4220,4175,4326.5,4030.65,51.87969924812031,58.03397382344761,77.48430555437322,80.08366215320491,66.7902,50.43209002368139
1568253600,4300,4350,4270,4280,87101400,89757805,4232,4176.5,4326,4035.3,61.26566416040101,57.01336675020897,89.11463037436516,81.95531670544709,66.7902,52.02297690310256
1568340000,4320,4320,4280,4310,56092800,87882100,4240,4181.5,4325.166666666667,4040.1,72.14285714285714,61.76274018379292,98.21729136677045,88.27207576516963,66.7902,53.590877216802106
1568599200,4290,4290,4100,4190,132616600,91494480,4244,4182,4323.166666666667,4044,60.333333333333336,64.58061821219727,87.67008396645501,91.66733523586356,66.7902,47.108676966424824
1568685600,4160,4250,4130,4250,107125600,91719800,4256,4189.5,4321.833333333333,4047.8,58.666666666666664,63.714285714285815,81.3615554309814,89.0829769214023,66.7902,50.274297838572394
1568772000,4240,4260,4210,4240,76406800,91320820,4254,4199,4319.833333333333,4051.4,50.666666666666664,56.55555555555566,73.43838683304278,80.82334207682642,66.7902,49.75189057947512
1568858400,4200,4230,4200,4220,92108100,89722255,4242,4206.5,4317.166666666667,4055.35,56.84848484848485,55.39393939393949,75.48407098802276,76.76133775068234,66.7902,48.686813758361005
1568944800,4200,4220,4130,4160,217504200,97685620,4212,4210.5,4313.833333333333,4058.4,47.374800637958536,51.629984051036786,65.04310533897807,71.32185438668124,66.7902,45.60383614775835
1569204000,4160,4200,4160,4180,84900300,98691235,4210,4216,4309.833333333333,4061.9,41.52864679180468,48.58397742608279,48.94324786135727,63.15680806278607,66.7902,46.78616613989501
1569290400,4160,4160,4110,4110,95076200,94534955,4182,4211.5,4304.833333333333,4064.75,23.346828609986503,37.41675867991668,25.894146406588973,46.62683320230813,66.7902,43.31738349068143
1569376800,4070,4120,4020,4080,83155300,93694860,4150,4206,4299.5,4067.15,22.34432234432234,29.07326591537128,9.310307257773943,28.04923384190676,66.7902,41.9154313792169
1569463200,4110,4210,4100,4210,80120800,94299545,4148,4206.5,4296.5,4069.95,41.19047619047618,28.960542381595115,21.33213224162041,18.845528635327806,66.7902,49.38729601683422
1569549600,4210,4210,4160,4180,57666400,91732960,4152,4202,4292.833333333333,4072.3,69.26065162907268,44.26515005462384,38.39178568054762,23.011408393314024,66.7902,47.89080317124196
1569808800,4200,4200,4110,4120,76345500,92126590,4140,4197,4288.166666666667,4074.8,77.28070175438596,62.57727652464505,47.25233342988731,35.65875045068514,70.4031,45.01895673937949
1569895200,4120,4130,4070,4070,79550900,92296340,4132,4193,4282.5,4076.7,54.38596491228069,66.97577276524656,28.357708603185888,38.00060923787363,70.4031,42.769200953264864
1569981600,4050,4090,3920,3930,166346200,96779350,4102,4181.5,4273.5,4077.8,27.465214761040517,53.04396047590251,11.298055164258683,28.969365732443986,70.4031,37.27844473402053
1570068000,3870,3890,3810,3810,177625500,101804045,4022,4161,4261.833333333333,4078.6,9.921355111917713,30.59084492841309,2.4375074149189913,14.031090394121215,70.4031,33.408636998307955
1570154400,3880,3960,3860,3950,93849800,100775275,3976,4145,4252.5,4080.1,13.115237253168274,16.833935708708953,12.435744182564264,8.723768920580673,70.4031,40.93807228995554
1570413600,3970,3990,3860,3900,126705700,103694665,3932,4131.5,4242,4081.5,21.34081196581195,14.792468110299433,22.11459131139188,12.329280969625072,70.4031,39.268861532070396
1570500000,3960,3960,3890,3930,119796000,106220115,3904,4118.5,4231.666666666667,4083.1,35.626526251526236,23.360858490168948,34.31163626314278,22.953990585699668,70.4031,40.793547733468195
1570586400,3950,3990,3920,3960,117832100,106396310,3910,4104,4222.333333333333,4084.8,51.43849206349205,36.135276760276874,36.5905898989648,31.00560582449985,70.4031,42.31790398170467
1570672800,3970,3990,3880,3890,107857100,107434095,3926,4084.5,4213,4086.15,49.755799755799735,45.60693935693947,37.46949732755233,36.12390782988667,70.4031,39.80101115767757
1570759200,3950,3960,3910,3920,102206600,109739785,3920,4065,4203.666666666667,4087.35,50.85470085470084,50.68299755799767,41.01524878910864,38.35844533854196,70.4031,41.37401694783308
1571018400,3950,3980,3910,3920,109782800,108598095,3924,4051.5,4194,4088.55,35.19813519813518,45.26954526954538,42.043347384029566,40.176031166896884,70.4031,41.37401694783308
1571104800,3970,3970,3890,3940,128090900,109646360,3926,4036,4184.833333333333,4090.25,45.68764568764568,43.91349391349403,49.995883094072944,44.35149308907042,70.4031,42.484188029370515
1571191200,3960,3990,3940,3990,82010000,109926520,3932,4023.5,4177.166666666667,4092.05,63.636363636363626,48.174048174048295,58.881103631882134,50.30677803666159,70.4031,45.21431755323917
1571277600,4000,4050,3990,4050,104547000,110548465,3964,4015,4170.333333333333,4093.95,84.84848484848483,64.72416472416485,74.2313476182612,61.03611144807213,70.4031,48.3133897101834
1571364000,4050,4190,4050,4170,103613400,104853925,4014,4015.5,4165.833333333333,4096.55,97.77777777777776,82.0875420875422,89.05439068413598,74.05561397809315,70.4031,53.81366587616488
1571623200,4170,4190,4110,4120,81121300,104664975,4054,4012.5,4160.166666666667,4099.05,89.99999999999999,90.875420875421,93.83963163877773,85.70845664705836,70.4031,51.41398830707341
1571709600,4080,4140,4070,4140,82586400,104040485,4094,4014,4154.166666666667,4101.75,83.33333333333331,90.3703703703705,93.62260179651906,92.17220803981097,70.4031,52.30941361002771
1571796000,4150,4180,4080,4180,127172900,106241365,4132,4019,4149.166666666667,4104.35,83.88888888888887,85.74074074074086,93.62260179651906,93.694945077272,70.4031,54.09066613839861
1571882400,4180,4300,4180,4300,157022200,110086435,4182,4023.5,4146.666666666667,4107.55,91.66666666666664,86.2962962962964,97.54267722409425,94.92929360571082,70.4031,58.93428408090463
1571968800,4300,4320,4220,4230,112296600,112817945,4194,4026,4143,4110.65,86.33333333333331,87.2962962962964,95.31757421159013,95.49428441073451,70.4031,55.34862563594264
1572228000,4230,4260,4220,4230,38352600,110918300,4216,4031.5,4142.333333333333,4113.7,75.99999999999999,84.66666666666679,90.63514842318027,94.49846661962158,70.4031,55.34862563594264
1572314400,4240,4250,4180,4230,82494100,111065460,4234,4039.5,4144.5,4116.55,63.49999999999998,75.2777777777779,85.9527226347704,90.6351484231803,70.4031,55.34862563594264
1572400800,4260,4260,4190,4250,47442000,105120250,4248,4055.5,4144.5,4119.5,58.833333333333314,66.11111111111124,87.11145087831291,87.89977397875457,70.4031,56.23594428222174
1572487200,4210,4240,4160,4210,75586200,100018285,4230,4075.5,4143.166666666667,4122.15,47.91666666666665,56.750000000000135,83.39240070249689,85.48552473852676,70.4031,53.97772683479333
1572573600,4220,4220,4150,4180,63281400,98489865,4220,4087,4140.666666666667,4124.45,36.17424242424241,47.64141414141428,76.86193446741493,82.45526201607494,70.4031,52.319096291812045
1572832800,4180,4210,4150,4160,50272200,94668190,4206,4100,4138.333333333333,4126.5,22.53787878787877,35.542929292929436,66.93688061259603,75.730405260836,70.4031,51.214725150699756
1572919200,4190,4300,4170,4300,132545000,95305640,4220,4118.5,4138.666666666667,4129.35,45.45454545454544,34.72222222222236,73.32955792124392,72.37612433375166,70.4031,57.781237293155066
1573005600,4330,4330,4160,4160,132500400,96039055,4202,4128.5,4135.833333333333,4131.2,38.21548821548819,35.402637485970956,70.04105816492675,70.10249889958895,70.4031,50.61051148021282
1573092000,4160,4160,3960,4000,292323600,105262380,4160,4134,4131.666666666667,4132.3,38.788788788788764,40.819607486274286,55.20979342156631,66.19346983591237,70.4031,44.03614494092035
1573178400,4010,4030,3980,3990,134618100,106882955,4122,4137.5,4128,4133.35,8.158158158158136,28.387478387478524,28.230253901987727,51.16036849616031,70.4031,43.66299521791766
1573437600,3950,4000,3950,4000,114079500,107097790,4090,4141.5,4125,4134.3,10.692271218586983,19.213072721844785,12.796212955169658,32.07875342624128,70.4031,44.161061769987036
1573524000,4000,4030,3980,4000,109775100,106182000,4030,4144.5,4123.333333333333,4135.2,11.474632527264083,10.108353968003223,8.830048169062303,16.61883834207328,70.4031,44.161061769987036
1573610400,4000,4010,3920,3960,150088500,109585925,3990,4143,4121.833333333333,4136,14.327485380116935,12.164796375322823,4.485053010885559,8.703771378372554,70.4031,42.49591105194228
1573696800,3950,3970,3900,3940,118066000,110261875,3978,4137.5,4119.666666666667,4136.85,20.197930724246493,15.333349543875991,1.0871524041792977,4.8007511947091,70.4031,41.66897251190611
1573783200,4000,4100,3960,4090,122007300,111181570,3998,4133.5,4119.833333333333,4138.45,47.478632478632456,27.334682860998782,14.996944803846732,6.85638340630391,70.4031,49.43678025055072
1574042400,4090,4140,4050,4120,93147500,111782880,4022,4133.5,4120.666666666667,4140.1,72.47863247863246,46.71839856050395,32.65606245694651,16.246719888324225,70.4031,50.815677561337196
1574128800,4150,4190,4080,4190,141181200,114712620,4060,4136,4120.5,4142.15,95.55555555555553,71.83760683760696,56.2762579645347,34.64308840844269,70.4031,53.90327355468119
1574215200,4170,4260,4150,4220,154808400,116094395,4112,4138,4121,4144.35,93.51851851851848,87.18423551756898,67.35048721107844,52.09426921085326,70.4031,55.172780800393525
1574301600,4200,4230,4140,4220,114191700,113952870,4168,4134,4121.333333333333,4147,91.8518518518518,93.64197530864209,77.62828277662356,67.08500931741229,70.4031,55.172780800393525
1574388000,4230,4250,4160,4210,74696400,112072860,4192,4133,4120.333333333333,4149.3,83.91534391534388,89.76190476190487,80.79566072049643,75.25814356939952,70.4031,54.61722680081898
1574647200,4150,4180,4120,4130,56593800,112984920,4194,4128,4118.833333333333,4150.7,63.54497354497351,79.77072310405656,72.67979485880589,77.03457945197535,70.4031,50.34799290486393
1574733600,4150,4180,4100,4150,222076900,119964060,4186,4124,4118.833333333333,4151.85,45.07275132275129,64.17768959435638,64.76858299002747,72.74801285644331,70.4031,51.348754589284006
1574820000,4100,4210,4100,4170,66281400,120906030,4176,4120,4119,4153.2,35.231481481481445,47.94973544973558,60.09778113116689,65.84871966000013,70.4031,52.35951091209763
1574906400,4130,4170,4050,4050,61720000,120212720,4142,4112,4116.166666666667,4153.85,25.972222222222182,35.42548500881846,51.694515782298026,58.853626634497495,70.4031,46.286123815021845
1574992800,4060,4120,4010,4090,64199200,120258610,4118,4107.5,4113.166666666667,4154.65,28.888888888888847,30.030864197530985,45.5666976185052,52.4529981773234,70.4031,48.3867637256927
1575252000,4150,4210,4120,4210,55396900,120514845,4134,4110,4113.833333333333,4156.25,46.66666666666663,33.842592592592716,49.08524956292168,48.78215432124167,70.4031,54.06026612934813
1575338400,4210,4220,4160,4170,43717700,116073480,4138,4103.5,4113.5,4157.75,72.06349206349203,49.20634920634933,65.16460408102154,53.2721837541495,70.4031,52.05261679453237
1575424800,4200,4200,4120,4130,50621200,111979520,4130,4102,4111.5,4159.15,77.77777777777776,65.50264550264563,72.06422349770739,62.10469238055023,70.4031,50.094337152715575
1575511200,4200,4230,4170,4220,72784100,101002545,4164,4113,4110.5,4161.3,76.26262626262623,75.3679653679655,77.30487039860246,71.51123265911049,70.4031,54.17726807734317
1575597600,4250,4250,4170,4170,67202600,97631770,4180,4122,4108.166666666667,4163.15,63.686313686313646,72.5755725755727,76.4432704082646,75.27078810152483,70.4031,51.703570361805816
1575856800,4190,4210,4150,4180,47839000,94319745,4174,4131,4108,4165.2,60.02331002330999,66.65741665741677,81.55062488703742,78.43292189796817,70.4031,52.163399224996446
1575943200,4140,4180,4130,4170,80011300,92831555,4174,4139.5,4106.666666666667,4166.85,41.02564102564099,54.91175491175503,75.30185212235017,77.76524913921742,70.4031,51.645801193763425
1576029600,4190,4210,4160,4210,62962600,88475260,4190,4152,4106.166666666667,4168.35,50.4273504273504,50.492100492100626,79.9460381653064,78.93283839156469,70.4031,53.58499630121032
1576116000,4230,4270,4210,4250,125551000,88849510,4196,4167.5,4106.666666666667,4170.15,63.61416361416357,51.689051689051816,87.37451441710743,80.87413490158802,70.4031,55.46502684312142
1576202400,4280,4290,4240,4280,167616600,91129975,4218,4177,4108.666666666667,4172,82.04365079365077,65.36172161172175,96.08065007721602,87.8004008865433,70.4031,56.84501433503551
1576461600,4300,4350,4290,4330,178955500,95420375,4248,4187.5,4111.166666666667,4174.15,90.12445887445882,78.59409109409121,100.00000000000006,94.48505483144119,70.4031,59.0700662147179
1576548000,4360,4360,4300,4350,141046900,95413660,4284,4195.5,4115.166666666667,4176.1,93.21969696969693,88.46260221260233,100.00000000000006,98.69355002573873,70.4031,59.93974575294851
1576634400,4380,4400,4350,4400,158345700,95590525,4322,4204.5,4120.5,4178.4,95.30303030303025,92.88239538239549,100.00000000000006,100.00000000000007,70.4031,62.0611284516831
1576720800,4350,4370,4320,4350,94017600,94581820,4342,4211,4122.833333333333,4180.8,87.91666666666663,92.14646464646476,93.07606665358826,97.69202221786281,70.4031,58.78437603237571
1576807200,4350,4370,4320,4360,156213900,98657695,4358,4218.5,4125.833333333333,4183.35,77.46212121212118,86.8939393939395,87.10954934253515,93.39520533204119,70.4031,59.23747330428563
1577066400,4450,4470,4360,4450,123276700,101991840,4382,4234.5,4131.333333333333,4186.25,73.5405525846702,79.63978015448616,87.10954934253515,89.09838844621954,70.4031,63.08235083305199
1577325600,4420,4450,4400,4410,50234000,93399695,4394,4247.5,4137,4188.9,70.62388591800352,73.87551990493178,88.74249947873915,87.65386605460317,70.4031,60.416294178634914
1577412000,4380,4440,4380,4430,56465900,92908920,4400,4260.5,4145.333333333333,4191.75,73.85620915032676,72.67354921766697,91.12740682268328,88.9931518813192,70.4031,61.27762481012393
1577671200,4450,4450,4360,4400,66440200,93144930,4410,4278,4155.166666666667,4194.25,62.22222222222217,68.9007724301843,82.41699563518586,87.42896731220277,78.2816,59.24221264264843
1577930400,4400,4410,4360,4410,41714100,92020675,4420,4294,4162.833333333333,4197.05,57.37373737373732,64.48405624876223,79.05747454141394,84.2006256664277,78.2816,59.71176478579507
1578016800,4420,4440,4390,4420,82898300,93395745,4414,4304.5,4171.5,4199.9,55.151515151515106,58.24915824915835,75.22745925493147,78.90064314384377,78.2816,60.194482127436814
1578276000,4360,4390,4320,4370,44225100,93421115,4406,4314.5,4178.833333333333,4202.6,50.194250194250145,54.239834239834344,67.36202429590332,73.88231936408293,78.2816,56.62373133762521
1578362400,4410,4410,4380,4400,103948100,96087460,4400,4328,4186.166666666667,4205.6,55.55555555555551,53.633773633773735,61.75357640490751,68.11435331858078,78.2816,58.19015439558959
1578448800,4380,4400,4340,4380,171751200,101035815,4396,4336,4194.333333333333,4208.15,49.99999999999994,51.91660191660202,50.71439232456195,59.9433310084576,78.2816,56.75194292807341
1578535200,4400,4420,4370,4400,72072000,101279285,4394,4347.5,4202.333333333333,4210.25,59.401709401709354,54.98575498575509,52.035714864995406,54.834561198154965,78.2816,57.84857733970883
1578621600,4430,4430,4390,4410,124809200,105127795,4392,4359,4210.5,4212.1,66.16161616161611,58.52110852110862,52.65814896775223,51.80275205243654,78.2816,58.403709350990525
1578880800,4430,4510,4420,4510,111351400,106694800,4420,4376,4220,4214.7,82.82828282828278,69.46386946386957,71.10895830168924,58.60094071147898,78.2816,63.46815623412003
1578967200,4540,4600,4520,4570,158414200,111467380,4454,4394,4229.666666666667,4217.65,90.09324009324003,79.69437969437979,86.36348190778138,70.04352972574097,78.2816,66.07672803766516
1579053600,4570,4580,4530,4580,102566700,110318165,4494,4410.5,4238.5,4220.65,93.2552954292084,88.72560611691055,100.00000000000006,85.82414673649025,78.2816,66.4964361415148
1579140000,4570,4590,4510,4570,133986100,108636640,4528,4425,4245.166666666667,4223.2,88.49339066730364,90.61397539658417,97.11366004909799,94.49238065229315,78.2816,65.64155667254693
1579226400,4620,4640,4600,4630,121175500,105747640,4572,4440,4253.666666666667,4226.35,90.82439299830598,90.85769303160616,97.11366004909799,98.07577336606535,78.2816,68.22181534494845
1579485600,4690,4690,4630,4660,81837500,102787170,4602,4455.5,4262.333333333333,4229.35,88.1673881673881,89.16172394433272,97.11366004909799,97.11366004909799,78.2816,69.43010247395506
1579572000,4670,4680,4640,4670,73839600,98561865,4622,4469,4270.5,4232.5,89.22558922558916,89.40579013042789,100.00000000000006,98.07577336606535,78.2816,69.83257336043107
1579658400,4680,4710,4670,4710,82370500,97979510,4648,4487,4277.333333333333,4235.55,90.74074074074069,89.3779060445728,100.00000000000006,99.03788668303271,78.2816,71.41704337122644
1579744800,4720,4760,4690,4740,139861200,97161875,4682,4506,4285.833333333333,4238.65,92.12962962962958,90.69865319865329,100.00000000000006,100.00000000000007,78.2816,72.55505268876473
1579831200,4730,4750,4680,4740,96017400,95798910,4704,4520.5,4294.333333333333,4241.65,90.70512820512813,91.19183285849961,100.00000000000006,100.00000000000007,78.2816,72.55505268876473
1580090400,4700,4700,4640,4650,93704600,97972440,4702,4532.5,4301.333333333333,4244.15,60.149572649572576,80.99477682811023,82.2569633539182,94.08565445130613,78.2816,64.07495213215148
1580176800,4580,4640,4570,4620,95394600,99918875,4692,4542,4307.5,4246.15,39.754835807467316,63.53651222072282,59.23252906228699,80.49649747206843,78.2816,61.550762839919535
1580263200,4620,4660,4600,4620,194871800,106340455,4674,4553,4314.333333333333,4247.95,20.32163742690052,40.07534862798028,36.208094770655784,59.23252906228701,78.2816,61.550762839919535
1580349600,4700,4700,4580,4580,87726300,108641065,4642,4561.5,4321,4249.4,19.395711500974592,26.490728245114287,23.84369020148956,39.76143801147746,78.2816,58.16551305694493
1580436000,4570,4580,4460,4460,137055500,111348925,4586,4563.5,4326,4250.15,10.62378167641319,16.780376868096244,13.534791159787432,24.528858710644272,78.2816,49.55815181394201
1580695200,4460,4490,4450,4460,131584600,115716900,4548,4568,4328.666666666667,4250.85,3.185185185185118,11.068226120857778,3.2258921180853037,13.534791159787444,78.2816,49.55815181394201
1580781600,4690,4690,4520,4560,112377400,116138365,4536,4576,4335.333333333333,4252.15,15.999999999999934,9.936322287199559,8.789288486051916,8.516657254641562,78.2816,55.62194369616066
1580868000,4570,4580,4510,4560,91267300,112114170,4524,4585,4344.666666666667,4253.4,30.6666666666666,16.617283950617363,17.578576972103765,9.864585858747006,78.2816,55.62194369616066
1580954400,4590,4590,4530,4550,94855500,113253345,4518,4592.5,4354,4254.4,43.22222222222215,29.962962962963044,25.308087115299248,17.225317524484986,78.2816,54.89079517116211
1581040800,4580,4580,4540,4550,133042500,113665010,4536,4599.5,4363.166666666667,4255.45,42.44444444444437,38.77777777777785,24.248308772442883,22.378324286615307,78.2816,54.89079517116211
1581300000,4500,4530,4400,4500,170890600,116641970,4544,4599,4371.5,4255.65,39.27203065134092,41.64623243933596,17.78767949039336,22.44802512604517,78.2816,51.16471016051256
1581386400,4540,4540,4480,4510,85150100,112978765,4534,4596,4380.666666666667,4256,44.68138737648712,42.13262082409096,13.384161803438758,18.47338335542501,78.2816,51.852777378739404
1581472800,4520,4560,4520,4530,130150400,114357950,4528,4593.5,4390.5,4256.5,53.59951603145789,45.850978019762124,10.991076107847567,14.054305800559902,78.2816,53.239788535368106
1581559200,4580,4590,4540,4570,79710700,111644180,4532,4593.5,4398.5,4257.35,71.92982456140345,56.7369093231163,17.87435976726101,14.083199226182453,78.2816,55.9135359207771
1581645600,4530,4590,4530,4550,127004900,111935650,4532,4589.5,4405.666666666667,4258.45,78.94736842105259,68.15890300463813,21.39254006409607,16.752658646401557,78.2816,54.279994685121515
1581904800,4480,4540,4470,4470,119759900,113831770,4526,4580,4410.333333333333,4259.15,56.14035087719293,69.00584795321647,16.05611561649178,18.44100514928296,78.2816,48.3342712347866
1581991200,4470,4500,4400,4400,88694500,114574515,4504,4566.5,4413.333333333333,4259.45,26.31578947368416,53.80116959064338,6.8441727530760135,14.764276144554628,78.2816,43.9047122269179
1582077600,4460,4480,4450,4480,100810700,115496525,4494,4555,4417.666666666667,4260,14.035087719298195,32.163742690058584,6.480801286682083,9.793696552083299,78.2816,49.47502712678835
1582164000,4520,4580,4510,4560,98180400,113412485,4492,4546,4423.5,4260.95,42.10526315789469,27.485380116959174,18.524593498242453,10.616522512666856,78.2816,54.256474646306216
1582250400,4560,4560,4510,4510,106960700,113959650,4484,4534.5,4429.833333333333,4261.6,62.475633528265064,39.53866146848614,30.3766062561279,18.46066701368415,78.2816,51.07645044751106
1582509600,4540,4540,4470,4490,102908000,114419820,4488,4526.5,4435.5,4262.9,65.10721247563349,56.56270305393124,35.119497870007606,28.00689920812599,78.2816,49.84632781656088
1582596000,4460,4550,4460,4500,113929600,115346570,4508,4520.5,4441,4264.15,49.857549857549806,59.14679862048294,35.48527009519466,33.660458073776724,78.2816,50.47410629100241
1582682400,4500,4510,4470,4480,149197600,113062860,4508,4513.5,4448.166666666667,4265.45,35.04273504273499,50.00249912530625,35.95949662367648,35.52142152962625,78.2816,49.17817353030205
1582768800,4380,4380,4120,4130,207157400,119034415,4422,4491,4448.833333333333,4265.5,19.13364413364408,34.67797634464311,24.735803723114753,32.06019014732863,78.2816,33.387215615286436
1582855200,3990,4190,3910,4190,191962700,121779775,4358,4477.5,4448.5,4265.85,20.89646464646459,25.02428127428138,17.724822250986875,26.14004086592604,78.2816,37.03552188699
1583114400,4190,4200,3980,3980,187659200,124583505,4256,4453.5,4445.333333333333,4265.25,18.986742424242365,19.672283734783836,5.398582964619602,15.953069646240415,78.2816,30.817222408727076
1583200800,4050,4180,4000,4100,198413400,128885305,4176,4430.5,4444.833333333333,4265.5,28.784722222222168,22.889309764309868,13.827538060746052,12.316981092117516,78.2816,37.16329339886851
1583287200,4140,4240,4130,4220,116305200,130137200,4124,4413.5,4444.833333333333,4267.15,36.18720449172571,27.98622304606357,24.207014004666494,14.477711676677387,78.2816,42.69635579813648
1583373600,4290,4300,4130,4150,133588200,132073835,4128,4393.5,4444.5,4268.6,53.05419167121289,39.34203946172041,37.07612411079976,25.036892058737436,78.2816,40.50623906406543
1583460000,4040,4050,4000,4010,159391900,133391305,4092,4366.5,4441.666666666667,4269.7,45.62363611565734,44.955010759532136,36.272579473703736,32.51857252972333,78.2816,36.55831315486386
1583719200,3900,3950,3750,3750,149028700,132298210,4046,4329,4434.666666666667,4269.7,23.637820512820458,40.77188276656372,20.494520565163747,31.281074716555747,78.2816,30.707533829363697
1583805600,3780,4030,3780,3910,165975500,136339480,4008,4299,4429.666666666667,4270.5,12.821969696969644,27.361142108482635,16.23281850407544,24.33330618098097,78.2816,37.21628418491525
1583892000,3950,4030,3880,3910,177519900,138707955,3946,4268,4424,4271.2,19.393939393939338,18.617909867909965,17.21481609008998,17.98071838644305,78.2816,37.21628418491525
1583978400,3820,3840,3600,3610,151940600,142319450,3838,4220,4412.833333333333,4270,20.134680134680078,17.450196408529838,17.825592984882665,17.091075859682693,78.2816,31.139459262686756
1584064800,3610,3770,3360,3720,268837000,149411055,3780,4178.5,4402.666666666667,4269.35,28.34815819890441,22.625592575841427,15.608231577071498,16.882880217348045,78.2816,35.22189873169533
1584324000,3750,3750,3460,3500,178420500,152344085,3730,4130,4388.5,4267.25,25.616362631287945,24.69973365495763,7.8586943322382545,13.764172964730804,78.2816,31.313592290446763
1584410400,3500,3570,3260,3260,208568600,158337790,3600,4073,4369.5,4264.5,24.875621890547205,26.280047573580006,7.247917437445566,10.238281115585105,78.2816,27.77453497409452
1584496800,3270,3440,3090,3140,248104200,165702465,3446,4006,4349.333333333333,4260.5,9.187396351575396,19.89312695780367,0.857870800211772,5.321494189965195,78.2816,26.215149645723997
1584583200,3130,3140,2930,2930,137946900,167690790,3310,3924.5,4325.5,4254.65,2.2222222222221624,12.09508015478174,0,2.7019294125524436,78.2816,23.75800327078946
1584669600,2930,2970,2730,2810,598363000,192260905,3128,3839.5,4298.166666666667,4247.55,4.836601307189483,5.415406626995833,0,0.28595693340392153,78.2816,22.490038375208584
1584928800,2650,2700,2620,2620,164404600,195335735,2952,3746,4268.333333333333,4239.5,2.6143790849672603,3.2244008714597885,0,0,78.2816,20.652957433338074
1585015200,2580,2750,2440,2440,495129300,214395720,2788,3643,4235.166666666667,4230.65,2.6143790849672603,3.355119825708154,0,0,78.2816,19.097328497647084
1585188000,2500,3000,2500,2940,634588200,238665250,2748,3566,4210.833333333333,4224.35,23.80952380952375,9.679427326486243,20.62526995797041,6.875089985990137,78.2816,33.69941776219031
1585274400,3000,3670,3000,3230,480930500,252353905,2808,3521,4191.166666666667,4219.35,45.21873790166467,23.880880265385382,50.54576209253951,23.723677350169975,78.2816,40.280163819480315