time,open,high,low,close,MA,MA,MA,MA,Volume,Volume MA,%K,%D,K,D,Diluted EPS,RSI
1540519200,3000,3020,2980,2990,3310.35,3104.833333,3021,3002,66228600,91199465,32.35294118,25.95186223,34.71911961,39.194135,70.2363,47.38308038
1540778400,3000,3020,2950,2950,3306.95,3100.833333,3009.5,2982,51288900,89192095,40.68627451,31.13652869,37.05743339,36.64856961,70.2363,45.48365428
1540864800,2960,3030,2950,3030,3303.9,3097.166667,3005.5,2984,72385100,86193300,54.78883861,42.60935143,47.52846644,39.76833982,70.2363,49.72638633
1540951200,3050,3150,3030,3150,3301.5,3094.166667,3008,3024,218534400,93617170,72.43589744,55.97033685,67.54276265,50.70955416,70.2363,55.22803301
1541037600,3190,3250,3160,3200,3299.45,3090.666667,3018,3064,197180000,96117545,91.88034188,73.03502598,91.95835135,69.00986015,70.2363,57.27855161
1541124000,3240,3290,3190,3280,3298.1,3089.5,3033,3122,167275500,97208350,93.46405229,85.92676387,100,86.50037133,70.2363,60.33790449
1541383200,3260,3280,3220,3270,3296.5,3088.5,3048,3186,79594900,97945955,91.50326797,92.28255405,98.90623784,96.95486306,70.2363,59.77467262
1541469600,3280,3330,3260,3330,3295.2,3088.5,3063.5,3246,139465400,102359025,97.05882353,94.0087146,98.90623784,99.27082523,70.2363,62.01414907
1541556000,3340,3370,3310,3370,3294.2,3088.166667,3081.5,3290,162720800,107432135,98.03921569,95.53376906,98.90623784,98.90623784,70.2363,63.44241649
1541642400,3400,3490,3390,3450,3293.8,3093.333333,3108.5,3340,200247500,108669255,95.55555556,96.88453159,100,99.27082523,70.2363,66.12397058
1541728800,3430,3430,3330,3340,3292.8,3096.833333,3128,3352,115086300,108507435,77.03703704,90.21060276,89.86424261,96.25682682,70.2363,59.77758388
1541988000,3320,3360,3280,3280,3291.5,3098,3142,3354,77097900,108075155,46.60225443,73.06494901,74.74223217,88.20215826,70.2363,56.65549948
1542074400,3280,3360,3230,3350,3290.5,3103,3159.5,3358,101884200,109916360,33.09798092,52.24575746,63.79270252,76.1330591,70.2363,59.26804984
1542160800,3350,3420,3350,3350,3289.2,3105.833333,3173.5,3354,113793200,111601915,33.66778149,37.78933895,62.97893026,67.17128832,70.2363,59.26804984
1542247200,3370,3420,3330,3410,3288.1,3110.166667,3189.5,3346,106887100,113689600,60.76923077,42.5116644,70.6737079,65.81511356,70.2363,61.47349508
1542333600,3430,3550,3420,3490,3287.45,3113.833333,3213,3376,173768700,118328550,72.46794872,55.63498699,78.54166595,70.7314347,70.2363,64.19448033
1542592800,3540,3540,3450,3520,3286.95,3118,3236.5,3424,78672100,119821850,87.29166667,73.50961538,87.96062466,79.05866617,70.2363,65.16562137
1542765600,3420,3470,3350,3430,3285.85,3118.833333,3257,3440,138069100,123797595,72.44318182,77.4009324,85.64643594,84.04957551,70.2363,60.0244927
1542852000,3430,3550,3430,3550,3284,3122.5,3287,3480,118307300,125484860,78.69318182,79.4760101,85.31340162,86.30682074,70.2363,64.00961419
1542938400,3530,3580,3470,3480,3282.25,3125.666667,3311,3494,77910800,122819890,67.32542819,72.82059728,77.46662514,82.8088209,70.2363,60.31742807
1543197600,3450,3550,3450,3540,3281.1,3131.5,3338.5,3504,82014400,123609180,79.71014493,75.24291831,81.00097047,81.26033241,70.2363,62.2804901
1543284000,3480,3620,3480,3600,3279.85,3138.5,3371,3520,172878800,129688675,77.24100913,74.75886075,80.39763028,79.62174196,70.2363,64.14743229
1543370400,3650,3660,3580,3650,3279.1,3146.5,3402,3564,96069700,130872905,90.28448739,82.41188048,88.29216812,83.23025629,70.2363,65.63927256
1543456800,3700,3760,3680,3710,3279.05,3156.5,3430,3596,138182700,126855320,90.70524475,86.07691375,94.49924432,87.7296809,70.2363,67.35510539
1543543200,3660,3690,3610,3620,3278.65,3168,3451,3624,211886100,127590625,78.12061711,86.37011642,83.18153786,88.6576501,70.2363,62.43254223
1543802400,3720,3780,3690,3690,3278.6,3180.166667,3471.5,3654,136737400,126063720,69.56989247,79.46525144,75.93619777,84.53899331,70.2363,64.55347254
1543888800,3690,3750,3680,3710,3278.45,3191.5,3493.5,3676,134411900,128804570,63.27956989,70.32335983,69.05177009,76.0565019,70.2363,65.1452855
1543975200,3640,3680,3610,3650,3277.8,3202.833333,3509.5,3676,140136800,128838140,52.84313725,61.89753321,67.33845208,70.77547331,70.2363,61.8825874
1544061600,3640,3680,3610,3650,3277.65,3215.166667,3523.5,3664,108827300,126143465,37.35294118,51.15854944,59.01763118,65.13595112,70.2363,61.8825874
1544148000,3640,3660,3610,3620,3277.25,3225.5,3532,3664,111239100,121693045,17.64705882,35.94771242,43.64821834,56.66810053,70.2363,60.21188568
1544407200,3610,3630,3570,3610,3276.7,3234.5,3545.5,3648,93075400,120592500,17.21132898,24.07044299,36.68305889,46.44963614,70.2363,59.64685356
1544493600,3610,3630,3580,3620,3276.25,3245.333333,3562.5,3630,112667200,122370965,24.51970687,19.79269822,23.58696663,34.63941462,70.2363,60.04156146
1544580000,3620,3640,3590,3620,3275.35,3256.666667,3576,3624,88520300,121702770,37.71043771,26.48049119,15.69574432,25.32192328,70.2363,60.04156146
1544666400,3690,3690,3650,3680,3274.35,3268,3592.5,3630,106283800,121327300,60.85858586,41.02957681,18.63389461,19.30553519,70.2363,62.48133661
1544752800,3670,3690,3640,3680,3273.45,3277.833333,3606,3642,122909500,122128420,76.26262626,58.27721661,27.70297771,20.67753888,70.2363,62.48133661
1545012000,3650,3680,3600,3600,3272.25,3285.833333,3611.5,3640,124669800,119673475,67.17171717,68.0976431,24.51470721,23.61719318,70.2363,57.31152425
1545098400,3550,3640,3550,3630,3271.1,3296.166667,3617,3642,118738900,121676815,55.66378066,66.36604137,16.73835494,22.98534662,70.2363,58.66168326
1545184800,3600,3670,3600,3670,3270.45,3306.833333,3629,3652,133097500,121428235,53.67965368,58.83838384,14.79335737,18.68213984,70.2363,60.41871379
1545271200,3610,3660,3610,3650,3269.7,3317.833333,3634,3646,67329000,118879320,71.42857143,60.25733526,20.7181208,17.41661103,70.2363,59.09669952
1545357600,3610,3630,3600,3620,3268.95,3327,3641,3634,174467000,123707130,70.32967033,65.14596515,16.23711946,17.24953254,70.2363,57.12316563
1545789600,3550,3630,3520,3600,3268,3334.5,3644,3634,83406800,123776750,59.53601954,67.0980871,5.924763427,14.29333456,70.2363,55.81513334
1545876000,3650,3670,3620,3660,3267.6,3342.5,3647,3640,71717800,118718700,66.83760684,65.56776557,8.606580946,10.25615461,70.2363,58.79472445
1545962400,3680,3680,3650,3660,3267.05,3351.666667,3647.5,3638,122945700,120062500,78.05555556,68.14306064,17.21316189,10.58150209,72.6423,58.79472445
1546394400,3610,3640,3590,3610,3266.2,3360.166667,3642.5,3630,74945100,116900620,79.02777778,74.64031339,17.21316189,14.34430158,72.6423,55.3483733
1546480800,3580,3640,3580,3620,3265.35,3370.5,3642.5,3630,93458300,110979230,68.75,75.27777778,10.45852483,14.9616162,72.6423,55.89267325
1546567200,3620,3660,3610,3660,3264.7,3381.833333,3641,3642,114459600,109865340,66.25,71.34259259,11.03045024,12.90071232,72.6423,58.04600392
1546826400,3700,3710,3660,3660,3264.15,3393.333333,3638.5,3642,74641100,106876800,68.01282051,67.67094017,23.63685474,15.04194327,72.6423,58.04600392
1546912800,3660,3680,3630,3680,3263.9,3404.333333,3640,3646,81361900,103938055,72.82051282,69.02777778,39.55446197,24.74058898,72.6423,59.15085998
1546999200,3710,3740,3690,3720,3264.2,3416.166667,3643.5,3668,119390300,104466205,75.32051282,72.05128205,58.17308513,40.45480061,72.6423,61.29665045
1547085600,3740,3750,3710,3750,3264.1,3430.166667,3650,3694,141926800,106000590,88.14102564,78.76068376,78.90001396,58.87585369,72.6423,62.83779552
1547172000,3760,3770,3700,3730,3264.3,3443.166667,3656,3708,107861300,106739885,86.30952381,83.25702076,86.8611943,74.64476446,72.6423,61.12962265
1547431200,3730,3790,3730,3790,3264.45,3456.333333,3664.5,3734,115067500,106859900,90.47619048,88.30891331,92.39739811,86.05286879,72.6423,64.20260426
1547517600,3770,3790,3740,3780,3264.55,3469.333333,3672.5,3754,140860200,109476895,87.14285714,87.97619048,89.09092681,89.44983974,72.6423,63.32431644
1547604000,3790,3800,3760,3780,3264.7,3481.166667,3677.5,3766,103772600,109351335,90,89.20634921,93.3870574,91.62512744,72.6423,63.32431644
1547690400,3790,3840,3780,3810,3265.55,3493.166667,3684,3778,119859400,109198830,82.85714286,86.66666667,93.3870574,91.95501387,72.6423,64.91954696
1547776800,3850,3850,3790,3820,3266.25,3506.5,3695,3796,66594600,106295070,77.85714286,83.57142857,96.6935287,94.4892145,72.6423,65.44688319
1548036000,3800,3830,3800,3800,3266.8,3519,3703.5,3798,80926000,104404425,69.37229437,76.6955267,93.37313362,94.48457324,72.6423,63.43923891
1548122400,3770,3790,3740,3770,3266.95,3531.5,3708.5,3796,119687600,103733930,52.27272727,66.5007215,77.07233438,89.04633223,72.6423,60.50846972
1548208800,3760,3810,3730,3770,3266.75,3545.166667,3714.5,3794,163458500,108540405,38.38383838,53.34295334,60.77153514,77.07233438,72.6423,60.50846972
1548295200,3750,3810,3750,3790,3267.35,3558.333333,3723,3790,176166500,108625380,36.86868687,42.50841751,55.39927285,64.41438079,72.6423,61.8116836
1548381600,3820,3820,3780,3780,3268.25,3571.5,3732,3782,127141300,110812105,44.44444444,39.8989899,56.2177953,57.46286776,72.6423,60.75644543
1548640800,3750,3790,3750,3780,3269.15,3585.333333,3738,3778,93581100,111905270,51.85185185,44.38832772,57.03631776,56.2177953,72.6423,60.75644543
1548727200,3780,3820,3650,3690,3269.6,3596.333333,3739.5,3762,187613500,115138660,43.02832244,46.44153958,35.70211311,49.65207539,72.6423,51.91769939
1548813600,3700,3760,3700,3750,3270.6,3606.333333,3746.5,3758,144747500,118628780,45.96949891,46.94989107,28.82489946,40.52111011,72.6423,56.37171352
1548900000,3800,3870,3800,3850,3271.85,3617.166667,3758,3770,252448500,126578290,57.7540107,48.91727735,36.97455509,33.83385588,72.6423,62.47075181
1548986400,3880,3930,3870,3920,3273.45,3627.833333,3771,3798,140105900,127860605,82.05373058,61.92574673,70.30788842,45.36911432,72.6423,65.9755188
1549245600,3950,3950,3890,3900,3274.95,3638.333333,3783,3822,75955600,127926330,90.22366522,76.6771355,88.39360459,65.22534936,72.6423,64.1731204
1549418400,3920,3940,3910,3920,3277.1,3648.166667,3795,3868,78073900,127761930,89.25396825,87.17712135,93.82711084,84.17620128,72.6423,65.17459637
1549504800,3930,3930,3890,3930,3279.4,3657.5,3805.5,3904,82938300,125939330,86,88.49254449,93.12526567,91.7819937,72.6423,65.67952642
1549591200,3860,3910,3850,3890,3281.45,3664.833333,3812.5,3912,78473000,122766640,71.55555556,82.26984127,87.73679856,91.56305836,72.6423,61.90061747
1549850400,3890,3920,3860,3870,3283.15,3673.666667,3819.5,3902,55587600,120152955,48.88888889,68.81481481,75.65964846,85.50723756,72.6423,60.08124452
1549936800,3900,3900,3820,3850,3284.5,3683.166667,3822.5,3892,94961400,119147650,28.33333333,49.59259259,58.10989533,73.83544745,72.6423,58.27818861
1550023200,3890,3890,3780,3790,3285.2,3690.5,3823,3866,108181100,117513695,17.22222222,31.48148148,37.55830917,57.10928432,72.6423,53.23330287
1550109600,3820,3850,3750,3800,3286.25,3698,3824,3840,119542400,118302185,20.35947712,21.97167756,22.97965309,39.54928586,72.6423,53.93292108
1550196000,3840,3840,3750,3770,3287.35,3704,3822,3816,87738200,116696125,15.94771242,17.84313725,7.897918065,22.81196011,72.6423,51.49999322
1550455200,3790,3860,3790,3840,3288.75,3709.833333,3823,3810,93662400,118049515,33.7254902,23.34422658,15.91827724,15.59861613,72.6423,56.33765524
1550541600,3900,4000,3880,3910,3290.35,3716.333333,3828.5,3822,139946000,121000515,45.25490196,31.64270153,31.83319948,18.54979826,72.6423,60.48640001
1550628000,3910,3940,3860,3890,3291.5,3724,3834.5,3842,124066500,121219460,60,46.32679739,48.65678043,32.13608572,72.6423,58.80589851
1550714400,3830,3940,3830,3910,3292.9,3730,3841.5,3864,114540900,118773580,61.33333333,55.52941176,57.03586437,45.84194809,72.6423,59.97640456
1550800800,3860,3910,3860,3900,3294.1,3737,3847,3890,81700600,114050285,57.46031746,59.5978836,53.826485,53.17304326,72.6423,59.09267641
1551060000,3940,3970,3900,3960,3296,3744,3856,3914,106730500,113029745,64.28384687,61.02583256,62.5067255,57.78969162,72.6423,62.57542981
1551146400,3960,3970,3910,3940,3298.25,3749.666667,3864,3920,61418800,111421630,69.14098973,63.62838469,64.31193344,60.21504798,72.6423,60.76034457
1551232800,3910,3920,3850,3870,3301.05,3753.333333,3873,3916,88062100,106444060,61.20448179,64.87643946,54.64362682,60.48742859,72.6423,54.89406182
1551319200,3850,3870,3840,3850,3304.6,3755.666667,3878,3904,106492300,104531300,38.27838828,56.20795327,33.38856226,50.78137417,72.6423,53.3450829
1551405600,3870,3890,3860,3870,3308.2,3759.833333,3879,3898,71431900,95480470,19.78021978,39.75436328,19.41219738,35.81479549,72.6423,54.69088775
1551664800,3900,3920,3880,3880,3311.5,3763,3877,3882,57026900,91326520,20.51282051,26.19047619,20.69062682,24.49712882,72.6423,55.36848663
1551751200,3900,3900,3860,3860,3314.65,3765.5,3875,3866,70615700,91059525,26.28205128,22.19169719,21.56302278,20.55528233,72.6423,53.67845993
1551837600,3890,3920,3860,3900,3318.4,3769.666667,3874,3872,56508700,89981265,43.58974359,30.12820513,25.91128999,22.72164653,72.6423,56.47533301
1552010400,3820,3880,3810,3850,3322.5,3773,3870,3872,129784700,92323585,45.45454545,38.44211344,19.28147215,22.25192831,72.6423,52.31877592
1552269600,3900,3900,3830,3850,3326.5,3776.833333,3868,3868,69676100,91883740,49.24242424,46.0955711,16.62457938,20.6057805,72.6423,52.31877592
1552356000,3880,3890,3810,3830,3330.3,3780.5,3866,3858,79468800,93077800,30.3030303,41.66666667,4.928520198,13.61152391,72.6423,50.66603548
1552442400,3800,3810,3780,3800,3333.25,3783.5,3863.5,3846,84077200,92533590,22.94372294,34.16305916,2.464260099,8.00578656,72.6423,48.25894426
1552528800,3780,3870,3780,3870,3336.8,3787.666667,3867.5,3840,138244200,94036745,35.82251082,29.68975469,12.58850904,6.66042978,72.6423,53.66564049
1552615200,3900,3980,3890,3980,3340.75,3792.666667,3876.5,3866,201313000,98125275,63.0952381,40.62049062,41.07606118,18.70961011,72.6423,60.49419312
1552874400,3990,4040,3980,4040,3345.6,3798.666667,3890,3904,117760600,99626395,91.66666667,63.52813853,74.40939451,42.69132158,72.6423,63.5762792
1552960800,4040,4050,3970,3990,3350.2,3805.166667,3897.5,3936,95786500,99732600,92.59259259,82.45149912,86.29242851,67.25929473,72.6423,59.5041089
1553047200,3960,4010,3960,3980,3355.15,3811,3901,3972,121302800,98800440,83.95061728,89.40329218,80.55350951,80.41844418,72.6423,58.71239726
1553133600,4010,4040,3970,3980,3360.35,3816.166667,3905.5,3994,142109200,99702575,69.36728395,81.97016461,69.96880931,78.93824911,72.6423,58.71239726
1553220000,4030,4070,4000,4060,3366.85,3823,3913,4010,122823900,100116725,73.74438833,75.68742985,77.72483072,76.08238318,72.6423,63.06815623
1553479200,4030,4040,3990,4000,3373.25,3829.333333,3918,4002,120025700,102032980,61.17424242,68.0953049,76.65154741,74.78172915,72.6423,58.21920206
1553565600,4050,4080,4010,4060,3379.15,3837,3923,4016,102500700,101821490,70.2020202,68.37355032,82.38578017,78.92071943,72.6423,61.34739218
1553652000,4080,4080,4040,4040,3384.05,3843.333333,3928,4028,85568800,103028990,61.11111111,64.16245791,75.22363877,78.08698878,72.6423,59.77700866
1553738400,4070,4100,4030,4100,3388.95,3850.666667,3939.5,4052,85272700,102889520,82.32323232,71.21212121,85.16033278,80.92325057,72.6423,62.78531218
1553824800,4050,4140,4050,4120,3393.3,3859.166667,3953,4064,131160100,104122910,83.43434343,75.62289562,90.01080021,83.46492392,66.7902,63.73693945
1554084000,4140,4160,4130,4140,3398.3,3867.833333,3966.5,4092,83846100,104743620,91.11111111,85.62289562,98.27871052,91.14994784,66.7902,64.68745221
1554170400,4170,4170,4130,4150,3403.65,3876,3980,4110,63949000,105089725,86.34920635,86.96488696,100,96.09650358,66.7902,65.16798005
1554343200,4180,4280,4140,4220,3409.1,3885.333333,3998,4146,81609600,105639420,82.79365079,86.75132275,100,99.42623684,66.7902,68.34225081
1554429600,4260,4290,4250,4260,3414.85,3895,4016,4178,68749900,106251480,83.07142857,84.07142857,100,100,66.7902,69.98740713
1554688800,4290,4290,4210,4290,3420.55,3904.5,4038,4212,99677300,104746110,87.83333333,84.56613757,100,100,66.7902,71.17019406
1554775200,4280,4350,4260,4310,3425.75,3913.833333,4061,4246,105727100,106548660,89.77272727,86.89249639,100,100,66.7902,71.94605184
1554861600,4300,4320,4260,4320,3431.65,3923.666667,4085.5,4280,130700500,109110245,89.17748918,88.92784993,100,100,66.7902,72.3378592
1554948000,4300,4320,4280,4300,3438.35,3932.166667,4110.5,4296,198401800,114826475,77.27272727,85.40764791,96.31151329,98.77050443,66.7902,70.27169229
1555034400,4300,4320,4280,4310,3445.35,3941,4132.5,4306,120459200,113937225,73.80952381,80.08658009,92.47290553,96.26147294,66.7902,70.7119796
1555293600,4350,4360,4310,4350,3452.2,3950.5,4151,4318,64160400,107079595,75.23809524,75.44011544,92.47290553,93.75244145,66.7902,72.43115779
1555380000,4330,4360,4320,4340,3459.45,3959.333333,4166,4324,90837700,105733450,80.47619048,76.50793651,93.57710789,92.84097298,66.7902,71.32932575
1555552800,4450,4730,4380,4460,3467.65,3970,4189.5,4352,182035000,110045875,70,75.23809524,97.41571565,94.48857636,66.7902,75.95051177
1555898400,4460,4460,4410,4440,3475.65,3980.666667,4212.5,4380,101963500,109078910,51.85185185,67.44268078,93.48927534,94.82736629,66.7902,73.8618839
1555984800,4410,4450,4410,4430,3484.05,3991.666667,4235,4404,54840800,104715490,34.70899471,52.18694885,90.16607448,93.69035516,66.7902,72.80808827
1556071200,4410,4430,4400,4400,3491.85,4002.166667,4252,4414,172810100,107214800,27.87972642,38.14685766,78.35776782,87.33770588,66.7902,69.6692095
1556157600,4380,4390,4260,4330,3499.25,4011.166667,4268.5,4412,184463200,110436675,20.99241357,27.86037823,55.59013765,74.70465998,66.7902,62.99841282
1556244000,4240,4360,4210,4330,3506.75,4020.333333,4282,4386,132874000,111955340,27.46860405,25.44691468,34.8035524,56.25048596,66.7902,62.99841282
1556503200,4290,4350,4280,4340,3513.8,4029.666667,4297,4366,76916700,111522735,39.02009456,29.16037073,15.21679968,35.20349658,66.7902,63.55084508
1556589600,4390,4410,4340,4370,3521.1,4041,4310.5,4354,127804000,113649300,58.2979798,41.59555947,14.22278918,21.41438042,66.7902,65.19194883
1556762400,4420,4420,4340,4370,3528.75,4051.333333,4323,4348,126901700,113436380,67.69480519,55.00429319,13.22877867,14.22278918,66.7902,65.19194883
1556848800,4330,4400,4310,4380,3535.6,4060.166667,4335,4358,109485100,114718330,76.62337662,67.53872054,18.40108791,15.28421858,66.7902,65.76132213
1557108000,4300,4300,4190,4230,3541.5,4065.333333,4339,4338,143009800,118671370,58.17805383,67.49874522,12.75583555,14.79523404,66.7902,52.26301018
1557194400,4210,4280,4210,4250,3547.8,4071.166667,4340.5,4320,112789100,120230345,41.47688061,58.75943702,8.991648763,13.3828574,66.7902,53.59974249
1557280800,4250,4250,4180,4220,3554.05,4076.166667,4338.5,4290,120152500,122800475,20.04830918,39.90108121,1.881065574,7.876183295,66.7902,51.33024149
1557367200,4140,4160,4120,4120,3559.8,4079.333333,4330,4240,163340000,125983610,14.25120773,25.25879917,1.881065574,4.251259971,66.7902,44.69067494
1557453600,4100,4160,4090,4120,3565.55,4083.166667,4320.5,4188,120282900,126711400,10.31746032,14.87232574,0,1.254043716,66.7902,44.69067494
1557712800,4130,4140,4100,4100,3571.7,4087,4309.5,4162,71877200,123770235,6.516290727,10.36165292,0,0.627021858,66.7902,43.44532263
1557799200,4000,4090,3970,4050,3577.7,4090.333333,4297,4122,115090400,119604665,16.04010025,10.95795043,0,0,66.7902,40.47707045
1557885600,4050,4060,3890,3890,3582.7,4092,4276,4056,167394600,121951435,11.27819549,11.27819549,0,0,66.7902,32.90455507
1557972000,3940,3990,3820,3860,3587.1,4093,4251.5,4004,144094800,125948155,13.44537815,13.5878913,0,0,66.7902,31.73285123
1558058400,3910,3910,3770,3790,3590.85,4093.333333,4224,3938,155199000,129166220,5.723370429,10.14898136,0,0,66.7902,29.1806767
1558317600,3800,3850,3660,3750,3594.55,4091.833333,4188.5,3868,165275800,128328260,12.70011462,10.6229544,0,0,66.7902,27.83414226
1558404000,3800,3840,3710,3750,3598.35,4089.166667,4154,3808,206532500,133556710,16.27854599,11.56734368,0,0,66.7902,27.83414226
1558490400,3710,3830,3710,3770,3602,4087.166667,4121,3784,118633800,136746360,25.5878553,18.18883863,1.43334845,0.477782817,66.7902,29.63306913
1558576800,3820,3890,3800,3850,3605.8,4086.166667,4093.5,3782,209226900,138567200,43.94444444,28.60361524,8.888857132,3.440735194,66.7902,36.31713483
1558663200,3780,3930,3770,3850,3609.65,4085.333333,4069.5,3794,150398400,136863960,59.90123457,43.14451144,16.34436581,8.888857132,66.7902,36.31713483
1558922400,3900,3970,3860,3920,3613.9,4084.666667,4049,3828,123578400,136399180,75.71320038,59.8529598,27.08632582,17.43984959,66.7902,41.68739568
1559008800,3930,3950,3810,3810,3617,4082.5,4022.5,3840,376621800,151384435,63.20037987,66.27160494,27.3210871,23.58392625,66.7902,36.58424983
1559095200,3890,3950,3860,3940,3620.45,4083.666667,4001,3874,139713200,151979895,68.07692308,68.99683444,34.92173928,29.77638407,66.7902,44.96527389
1559268000,3990,4120,3980,4100,3624.3,4087.833333,3987.5,3924,261104200,158690020,72.58241758,67.95324018,44.87357354,35.70546664,66.7902,53.01074592
1560132000,4220,4270,4200,4230,3628.4,4093.833333,3980,4000,196745300,163053030,90.19668737,76.95200934,70.51663691,50.10398325,66.7902,58.23289065
1560218400,4250,4250,4150,4230,3632.8,4099.666667,3980,4062,116270900,161716085,92.29813665,85.0257472,88.79380939,68.06133995,66.7902,58.23289065
1560304800,4170,4210,4170,4210,3637.2,4105.5,3978,4142,92904100,160721835,89.32484977,90.60655793,98.81278186,86.04107605,66.7902,57.15019228
1560391200,4250,4250,4180,4200,3641.55,4110.5,3977,4194,116825700,160555495,84.17742348,88.60013663,97.01827234,94.87495453,66.7902,56.59636535
1560477600,4170,4240,4170,4230,3645.75,4116.833333,3982.5,4220,72298800,156003435,75.9648631,83.15571212,96.63699026,97.48934815,66.7902,57.88517571
1560736800,4250,4250,4200,4200,3651.05,4122.666667,3986.5,4214,55193600,152748970,64.17624521,74.77284393,95.51911248,96.39145836,66.7902,56.13072972
1560823200,4180,4260,4180,4260,3656.7,4129.833333,3994.5,4220,158342200,157072220,72.22222222,70.78777684,97.313622,96.48990825,66.7902,58.76206363
1560909600,4320,4340,4280,4290,3662.1,4138,4006.5,4236,167220600,159678730,73.52941176,69.97595973,97.69490408,96.84254619,66.7902,60.02406712
1560996000,4330,4330,4280,4310,3668.4,4145.333333,4027.5,4258,107715700,156694785,84.31372549,76.68845316,100,98.33617536,66.7902,60.86453149
1561082400,4290,4360,4260,4360,3674.3,4151.666667,4052.5,4284,170191100,157999600,84.31372549,80.71895425,100,99.23163469,66.7902,62.9162633
1561341600,4310,4350,4290,4310,3680.1,4156.166667,4078.5,4306,82569600,154368130,84.8583878,84.49527959,96.87353637,98.95784546,66.7902,59.62577403
1561428000,4350,4350,4290,4330,3685.4,4161.833333,4107.5,4320,59456000,149077140,80.74074074,83.30428468,94.57362687,97.14905441,66.7902,60.4956922
1561514400,4330,4370,4320,4360,3690.85,4168.166667,4138,4334,102850200,143893025,77.71043771,81.10318875,93.45110918,94.9660908,66.7902,61.79543408
1561600800,4380,4390,4350,4380,3695.85,4174.833333,4168.5,4348,81746600,142048665,84.40559441,80.95225762,96.25344502,94.75939369,66.7902,62.65761779
1561687200,4370,4400,4350,4360,3701,4179.833333,4194,4348,102580700,136716355,82.28438228,81.4668048,96.40721996,95.37059139,66.7902,61.20370404
1561946400,4400,4420,4380,4420,3706.65,4186.833333,4222.5,4370,104844900,134438680,85.31468531,84.001554,97.52973764,96.73013421,66.7902,63.85245554
1562032800,4420,4420,4360,4410,3712.75,4192.666667,4247,4386,134440200,134981770,84.54545455,84.04817405,96.93000811,96.95565524,66.7902,63.09669758
1562119200,4390,4420,4360,4400,3718.85,4198.666667,4276.5,4394,74371900,119869275,87.14285714,85.66766567,96.37201062,96.94391879,66.7902,62.32025254
1562205600,4360,4400,4360,4390,3724.95,4203.5,4299,4396,38687900,114818010,72.85714286,81.51515152,89.21098392,94.17100089,66.7902,61.52332238
1562292000,4420,4420,4380,4400,3731.4,4208.166667,4314,4404,53771200,104451360,65.07936508,75.02645503,82.28646894,89.28982116,66.7902,62.03436616
1562551200,4380,4410,4370,4400,3738.75,4212.5,4322.5,4400,46233200,96925755,63.49206349,67.14285714,77.14222866,82.87989384,66.7902,62.03436616
1562637600,4370,4410,4370,4410,3746,4216.833333,4331.5,4400,64718300,94348125,72.22222222,66.93121693,78.831852,79.4201832,66.7902,62.58499524
1562724000,4410,4480,4400,4470,3753.2,4221,4344.5,4414,80977700,93751805,80.55555556,72.08994709,86.68022432,80.88476833,66.7902,65.7246244
1562810400,4490,4540,4480,4510,3760.9,4225.166667,4360,4438,91416500,92481345,85.78431373,79.52069717,94.52859664,86.68022432,66.7902,67.63074506
1562896800,4510,4540,4490,4510,3768.9,4228.833333,4374,4460,64575400,92095175,85.45751634,83.93246187,100,93.73627365,66.7902,67.63074506
1563156000,4540,4560,4520,4530,3776.55,4232.5,4390.5,4486,68954800,92783235,82.97213622,84.73798876,100,98.17619888,66.7902,68.59823189
1563242400,4500,4550,4500,4550,3783.95,4236.333333,4405,4514,84477400,89089995,86.77115583,85.06693613,100,100,66.7902,69.55606434
1563328800,4520,4550,4500,4520,3791.7,4240,4416.5,4524,65303400,83994135,75.98684211,81.91004472,89.27180757,96.42393586,66.7902,66.36004238
1563415200,4500,4510,4440,4450,3799.25,4242.333333,4423.5,4512,77028200,82459760,50.69444444,71.15081413,55.95383081,81.74187946,66.7902,59.63034889
1563501600,4450,4490,4440,4480,3806.65,4244.5,4429.5,4506,64335100,77166960,30.55555556,52.4122807,28.56418291,57.92994043,66.7902,61.39644969
1563760800,4500,4510,4460,4500,3813.7,4247.166667,4439,4500,41944400,75135700,32.07070707,37.77356902,15.75161457,33.42320943,66.7902,62.54629755
1563847200,4500,4500,4470,4490,3820.55,4247.666667,4447,4488,43317300,74328765,44.44444444,35.69023569,22.28675972,22.2008524,66.7902,61.58090137
1563933600,4520,4520,4440,4450,3827.75,4247.833333,4451.5,4474,53053100,71838910,37.5,38.00505051,16.34307428,18.12714952,66.7902,57.82303577
1564020000,4470,4480,4450,4460,3834.9,4248.333333,4455.5,4476,60404000,70771780,27.65151515,36.53198653,8.444313101,15.69138237,66.7902,58.48964006
1564106400,4410,4470,4400,4440,3842.15,4249,4459.5,4468,77381500,69511820,23.61111111,29.58754209,1.893811379,8.89373292,66.7902,56.60615226
1564365600,4480,4480,4440,4460,3849.1,4251.166667,4461.5,4460,91877000,68863425,36.11111111,29.12457912,5.555851539,5.297992006,66.7902,58.0288452
1564452000,4500,4500,4460,4500,3855.85,4254,4466,4462,68755800,65579205,55.55555556,38.42592593,14.29942202,7.24969498,66.7902,60.73874705
1564538400,4500,4510,4450,4480,3862.35,4256.333333,4470,4468,105834600,67152340,68.68686869,53.45117845,19.79857064,13.21794807,66.7902,58.74255699
1564624800,4490,4510,4410,4450,3869.05,4257.666667,4473,4466,143626600,72399275,67.17171717,63.8047138,16.13653048,16.74484105,66.7902,55.84464464
1564711200,4400,4470,4390,4450,3875.8,4259,4475.5,4468,119342500,75677840,56.06060606,63.97306397,5.499148618,13.81141658,66.7902,55.84464464
1564970400,4410,4420,4270,4270,3882.15,4257.166667,4469,4430,150837200,80908040,31.81818182,51.68350168,0,7.211893032,66.7902,42.05258476
1565056800,4100,4210,4020,4100,3887.75,4255,4453.5,4350,247636800,90053965,22.10884354,36.66254381,0,1.833049539,66.7902,33.76286721
1565143200,4140,4290,4140,4250,3894.15,4255,4442.5,4304,146976400,93353900,21.08843537,25.00515358,9.546135358,3.182045119,66.7902,44.01346835
1565229600,4250,4320,4250,4290,3900.5,4256.166667,4431.5,4272,93336500,93449900,41.08843537,28.0952381,21.26290742,10.26968093,66.7902,46.34428918
1565316000,4330,4350,4300,4330,3907.1,4259.666667,4422.5,4248,82471300,94344695,61.47959184,41.21882086,35.07750364,21.96218214,66.7902,48.59692418
1565575200,4380,4380,4290,4300,3914.05,4262.666667,4411,4254,51057200,93449815,71.75925926,58.10909549,37.89405861,31.41148989,66.7902,47.03787357
1565661600,4330,4330,4250,4280,3920.7,4265.666667,4397.5,4290,80133600,93232625,71.2037037,68.14751827,38.69304467,37.22153564,66.7902,46.00221801
1565748000,4330,4350,4310,4330,3927.35,4270.333333,4388,4306,93273200,94631115,65.88319088,69.61538462,42.47731558,39.68813962,66.7902,48.95954019
1565834400,4210,4280,4180,4250,3933.6,4276.333333,4378,4298,115233200,96541365,51.62393162,62.90360874,42.92526726,41.36520917,66.7902,44.82489387
1565920800,4250,4260,4200,4210,3939.3,4282.166667,4364.5,4274,93606900,98004955,37.17948718,51.56220323,41.01104654,42.13787646,66.7902,42.91732561
1566180000,4130,4220,4130,4180,3944.75,4288.666667,4348.5,4250,60369000,98926185,24.24242424,37.68194768,32.71003265,38.88211548,66.7902,41.52230717
1566266400,4180,4200,4090,4100,3950.15,4294.5,4329,4214,102619200,101891280,13.85780886,25.09324009,25.19752282,32.97286734,66.7902,38.05052052
1566352800,4100,4170,4040,4050,3955.15,4299.5,4309,4158,84386400,103457945,10.24669775,16.11564362,17.44259539,25.11671695,66.7902,36.06656147
1566439200,4060,4140,4000,4070,3960.4,4304.5,4289.5,4122,124079400,106641715,11.64529915,11.91660192,12.68845608,18.44285809,66.7902,37.43998762
1566525600,4030,4100,4020,4080,3966.05,4308.333333,4271.5,4096,58236900,105684485,22.48445998,14.79215229,12.79829073,14.30978073,66.7902,38.13940711
1566784800,4020,4070,4000,4070,3971.4,4312,4252,4074,64788000,104330035,32.76223776,22.2973323,14.81148012,13.43274231,66.7902,37.69578813
1566871200,4130,4210,4080,4200,3977.45,4316.666667,4237,4094,178201800,109802335,55.53391053,36.92686943,26.93204736,18.18060607,66.7902,46.25092442
1566957600,4220,4240,4190,4190,3983.65,4323,4222.5,4122,99957200,109508465,69.8015873,52.6992452,39.60758138,27.11703629,66.7902,45.74234244
1567044000,4220,4220,4160,4200,3989.5,4327.333333,4210,4148,68027100,105728490,85.91269841,70.41606542,53.76846643,40.10269839,66.7902,46.3631828
1567130400,4190,4270,4120,4270,3995.1,4330.166667,4201,4186,108998100,105211270,87.5,81.07142857,70.4375186,54.60452214,66.7902,50.53381381
1567389600,4270,4280,4210,4220,4000.2,4330,4198.5,4216,68472900,101093055,84.44444444,85.95238095,80.13963332,68.11520612,66.7902,47.74259946
1567476000,4180,4270,4130,4150,4004.55,4328.666667,4201,4206,76155900,92519010,62.91666667,78.28703704,79.74120631,76.77278608,66.7902,44.14894838
1567562400,4180,4180,4100,4160,4009,4327.833333,4196.5,4200,76686000,89004490,40.69444444,62.68518519,66.47040092,75.45041352,66.7902,44.7740511
1567648800,4220,4230,4180,4220,4013.45,4328.166667,4193,4204,77131600,88194245,39.58333333,47.73148148,67.14811022,71.11990582,66.7902,48.42014457
1567735200,4260,4290,4250,4270,4017.95,4328.833333,4190,4204,114425200,89791940,63.15789474,47.81189084,81.85918615,71.8258991,66.7902,51.24378716
1567994400,4290,4290,4170,4170,4021.55,4328.333333,4183.5,4194,68317900,90654975,64.32748538,55.68957115,83.49966672,77.50232103,66.7902,45.94830522
1568080800,4180,4190,4150,4190,4025.8,4327.166667,4179,4202,69287000,90112645,57.89473684,61.79337232,79.26701419,81.54195568,66.7902,47.09919295
1568167200,4150,4260,4150,4250,4030.65,4326.5,4175,4220,114308200,91164395,51.87969925,58.03397382,77.48430555,80.08366215,66.7902,50.43209002
1568253600,4300,4350,4270,4280,4035.3,4326,4176.5,4232,87101400,89757805,61.26566416,57.01336675,89.11463037,81.95531671,66.7902,52.0229769
1568340000,4320,4320,4280,4310,4040.1,4325.166667,4181.5,4240,56092800,87882100,72.14285714,61.76274018,98.21729137,88.27207577,66.7902,53.59087722
1568599200,4290,4290,4100,4190,4044,4323.166667,4182,4244,132616600,91494480,60.33333333,64.58061821,87.67008397,91.66733524,66.7902,47.10867697
1568685600,4160,4250,4130,4250,4047.8,4321.833333,4189.5,4256,107125600,91719800,58.66666667,63.71428571,81.36155543,89.08297692,66.7902,50.27429784
1568772000,4240,4260,4210,4240,4051.4,4319.833333,4199,4254,76406800,91320820,50.66666667,56.55555556,73.43838683,80.82334208,66.7902,49.75189058
1568858400,4200,4230,4200,4220,4055.35,4317.166667,4206.5,4242,92108100,89722255,56.84848485,55.39393939,75.48407099,76.76133775,66.7902,48.68681376
1568944800,4200,4220,4130,4160,4058.4,4313.833333,4210.5,4212,217504200,97685620,47.37480064,51.62998405,65.04310534,71.32185439,66.7902,45.60383615
1569204000,4160,4200,4160,4180,4061.9,4309.833333,4216,4210,84900300,98691235,41.52864679,48.58397743,48.94324786,63.15680806,66.7902,46.78616614
1569290400,4160,4160,4110,4110,4064.75,4304.833333,4211.5,4182,95076200,94534955,23.34682861,37.41675868,25.89414641,46.6268332,66.7902,43.31738349
1569376800,4070,4120,4020,4080,4067.15,4299.5,4206,4150,83155300,93694860,22.34432234,29.07326592,9.310307258,28.04923384,66.7902,41.91543138
1569463200,4110,4210,4100,4210,4069.95,4296.5,4206.5,4148,80120800,94299545,41.19047619,28.96054238,21.33213224,18.84552864,66.7902,49.38729602
1569549600,4210,4210,4160,4180,4072.3,4292.833333,4202,4152,57666400,91732960,69.26065163,44.26515005,38.39178568,23.01140839,66.7902,47.89080317
1569808800,4200,4200,4110,4120,4074.8,4288.166667,4197,4140,76345500,92126590,77.28070175,62.57727652,47.25233343,35.65875045,70.4031,45.01895674
1569895200,4120,4130,4070,4070,4076.7,4282.5,4193,4132,79550900,92296340,54.38596491,66.97577277,28.3577086,38.00060924,70.4031,42.76920095
1569981600,4050,4090,3920,3930,4077.8,4273.5,4181.5,4102,166346200,96779350,27.46521476,53.04396048,11.29805516,28.96936573,70.4031,37.27844473
1570068000,3870,3890,3810,3810,4078.6,4261.833333,4161,4022,177625500,101804045,9.921355112,30.59084493,2.437507415,14.03109039,70.4031,33.408637
1570154400,3880,3960,3860,3950,4080.1,4252.5,4145,3976,93849800,100775275,13.11523725,16.83393571,12.43574418,8.723768921,70.4031,40.93807229
1570413600,3970,3990,3860,3900,4081.5,4242,4131.5,3932,126705700,103694665,21.34081197,14.79246811,22.11459131,12.32928097,70.4031,39.26886153
1570500000,3960,3960,3890,3930,4083.1,4231.666667,4118.5,3904,119796000,106220115,35.62652625,23.36085849,34.31163626,22.95399059,70.4031,40.79354773
1570586400,3950,3990,3920,3960,4084.8,4222.333333,4104,3910,117832100,106396310,51.43849206,36.13527676,36.5905899,31.00560582,70.4031,42.31790398
1570672800,3970,3990,3880,3890,4086.15,4213,4084.5,3926,107857100,107434095,49.75579976,45.60693936,37.46949733,36.12390783,70.4031,39.80101116
1570759200,3950,3960,3910,3920,4087.35,4203.666667,4065,3920,102206600,109739785,50.85470085,50.68299756,41.01524879,38.35844534,70.4031,41.37401695
1571018400,3950,3980,3910,3920,4088.55,4194,4051.5,3924,109782800,108598095,35.1981352,45.26954527,42.04334738,40.17603117,70.4031,41.37401695
1571104800,3970,3970,3890,3940,4090.25,4184.833333,4036,3926,128090900,109646360,45.68764569,43.91349391,49.99588309,44.35149309,70.4031,42.48418803
1571191200,3960,3990,3940,3990,4092.05,4177.166667,4023.5,3932,82010000,109926520,63.63636364,48.17404817,58.88110363,50.30677804,70.4031,45.21431755
1571277600,4000,4050,3990,4050,4093.95,4170.333333,4015,3964,104547000,110548465,84.84848485,64.72416472,74.23134762,61.03611145,70.4031,48.31338971
1571364000,4050,4190,4050,4170,4096.55,4165.833333,4015.5,4014,103613400,104853925,97.77777778,82.08754209,89.05439068,74.05561398,70.4031,53.81366588
1571623200,4170,4190,4110,4120,4099.05,4160.166667,4012.5,4054,81121300,104664975,90,90.87542088,93.83963164,85.70845665,70.4031,51.41398831
1571709600,4080,4140,4070,4140,4101.75,4154.166667,4014,4094,82586400,104040485,83.33333333,90.37037037,93.6226018,92.17220804,70.4031,52.30941361
1571796000,4150,4180,4080,4180,4104.35,4149.166667,4019,4132,127172900,106241365,83.88888889,85.74074074,93.6226018,93.69494508,70.4031,54.09066614
1571882400,4180,4300,4180,4300,4107.55,4146.666667,4023.5,4182,157022200,110086435,91.66666667,86.2962963,97.54267722,94.92929361,70.4031,58.93428408
1571968800,4300,4320,4220,4230,4110.65,4143,4026,4194,112296600,112817945,86.33333333,87.2962963,95.31757421,95.49428441,70.4031,55.34862564
1572228000,4230,4260,4220,4230,4113.7,4142.333333,4031.5,4216,38352600,110918300,76,84.66666667,90.63514842,94.49846662,70.4031,55.34862564
1572314400,4240,4250,4180,4230,4116.55,4144.5,4039.5,4234,82494100,111065460,63.5,75.27777778,85.95272263,90.63514842,70.4031,55.34862564
1572400800,4260,4260,4190,4250,4119.5,4144.5,4055.5,4248,47442000,105120250,58.83333333,66.11111111,87.11145088,87.89977398,70.4031,56.23594428
1572487200,4210,4240,4160,4210,4122.15,4143.166667,4075.5,4230,75586200,100018285,47.91666667,56.75,83.3924007,85.48552474,70.4031,53.97772683
1572573600,4220,4220,4150,4180,4124.45,4140.666667,4087,4220,63281400,98489865,36.17424242,47.64141414,76.86193447,82.45526202,70.4031,52.31909629
1572832800,4180,4210,4150,4160,4126.5,4138.333333,4100,4206,50272200,94668190,22.53787879,35.54292929,66.93688061,75.73040526,70.4031,51.21472515
1572919200,4190,4300,4170,4300,4129.35,4138.666667,4118.5,4220,132545000,95305640,45.45454545,34.72222222,73.32955792,72.37612433,70.4031,57.78123729
1573005600,4330,4330,4160,4160,4131.2,4135.833333,4128.5,4202,132500400,96039055,38.21548822,35.40263749,70.04105816,70.1024989,70.4031,50.61051148
1573092000,4160,4160,3960,4000,4132.3,4131.666667,4134,4160,292323600,105262380,38.78878879,40.81960749,55.20979342,66.19346984,70.4031,44.03614494
1573178400,4010,4030,3980,3990,4133.35,4128,4137.5,4122,134618100,106882955,8.158158158,28.38747839,28.2302539,51.1603685,70.4031,43.66299522
1573437600,3950,4000,3950,4000,4134.3,4125,4141.5,4090,114079500,107097790,10.69227122,19.21307272,12.79621296,32.07875343,70.4031,44.16106177
1573524000,4000,4030,3980,4000,4135.2,4123.333333,4144.5,4030,109775100,106182000,11.47463253,10.10835397,8.830048169,16.61883834,70.4031,44.16106177
1573610400,4000,4010,3920,3960,4136,4121.833333,4143,3990,150088500,109585925,14.32748538,12.16479638,4.485053011,8.703771378,70.4031,42.49591105
1573696800,3950,3970,3900,3940,4136.85,4119.666667,4137.5,3978,118066000,110261875,20.19793072,15.33334954,1.087152404,4.800751195,70.4031,41.66897251
1573783200,4000,4100,3960,4090,4138.45,4119.833333,4133.5,3998,122007300,111181570,47.47863248,27.33468286,14.9969448,6.856383406,70.4031,49.43678025
1574042400,4090,4140,4050,4120,4140.1,4120.666667,4133.5,4022,93147500,111782880,72.47863248,46.71839856,32.65606246,16.24671989,70.4031,50.81567756
1574128800,4150,4190,4080,4190,4142.15,4120.5,4136,4060,141181200,114712620,95.55555556,71.83760684,56.27625796,34.64308841,70.4031,53.90327355
1574215200,4170,4260,4150,4220,4144.35,4121,4138,4112,154808400,116094395,93.51851852,87.18423552,67.35048721,52.09426921,70.4031,55.1727808
1574301600,4200,4230,4140,4220,4147,4121.333333,4134,4168,114191700,113952870,91.85185185,93.64197531,77.62828278,67.08500932,70.4031,55.1727808
1574388000,4230,4250,4160,4210,4149.3,4120.333333,4133,4192,74696400,112072860,83.91534392,89.76190476,80.79566072,75.25814357,70.4031,54.6172268
1574647200,4150,4180,4120,4130,4150.7,4118.833333,4128,4194,56593800,112984920,63.54497354,79.7707231,72.67979486,77.03457945,70.4031,50.3479929
1574733600,4150,4180,4100,4150,4151.85,4118.833333,4124,4186,222076900,119964060,45.07275132,64.17768959,64.76858299,72.74801286,70.4031,51.34875459
1574820000,4100,4210,4100,4170,4153.2,4119,4120,4176,66281400,120906030,35.23148148,47.94973545,60.09778113,65.84871966,70.4031,52.35951091
1574906400,4130,4170,4050,4050,4153.85,4116.166667,4112,4142,61720000,120212720,25.97222222,35.42548501,51.69451578,58.85362663,70.4031,46.28612382
1574992800,4060,4120,4010,4090,4154.65,4113.166667,4107.5,4118,64199200,120258610,28.88888889,30.0308642,45.56669762,52.45299818,70.4031,48.38676373
1575252000,4150,4210,4120,4210,4156.25,4113.833333,4110,4134,55396900,120514845,46.66666667,33.84259259,49.08524956,48.78215432,70.4031,54.06026613
1575338400,4210,4220,4160,4170,4157.75,4113.5,4103.5,4138,43717700,116073480,72.06349206,49.20634921,65.16460408,53.27218375,70.4031,52.05261679
1575424800,4200,4200,4120,4130,4159.15,4111.5,4102,4130,50621200,111979520,77.77777778,65.5026455,72.0642235,62.10469238,70.4031,50.09433715
1575511200,4200,4230,4170,4220,4161.3,4110.5,4113,4164,72784100,101002545,76.26262626,75.36796537,77.3048704,71.51123266,70.4031,54.17726808
1575597600,4250,4250,4170,4170,4163.15,4108.166667,4122,4180,67202600,97631770,63.68631369,72.57557258,76.44327041,75.2707881,70.4031,51.70357036
1575856800,4190,4210,4150,4180,4165.2,4108,4131,4174,47839000,94319745,60.02331002,66.65741666,81.55062489,78.4329219,70.4031,52.16339922
1575943200,4140,4180,4130,4170,4166.85,4106.666667,4139.5,4174,80011300,92831555,41.02564103,54.91175491,75.30185212,77.76524914,70.4031,51.64580119
1576029600,4190,4210,4160,4210,4168.35,4106.166667,4152,4190,62962600,88475260,50.42735043,50.49210049,79.94603817,78.93283839,70.4031,53.5849963
1576116000,4230,4270,4210,4250,4170.15,4106.666667,4167.5,4196,125551000,88849510,63.61416361,51.68905169,87.37451442,80.8741349,70.4031,55.46502684
1576202400,4280,4290,4240,4280,4172,4108.666667,4177,4218,167616600,91129975,82.04365079,65.36172161,96.08065008,87.80040089,70.4031,56.84501434
1576461600,4300,4350,4290,4330,4174.15,4111.166667,4187.5,4248,178955500,95420375,90.12445887,78.59409109,100,94.48505483,70.4031,59.07006621
1576548000,4360,4360,4300,4350,4176.1,4115.166667,4195.5,4284,141046900,95413660,93.21969697,88.46260221,100,98.69355003,70.4031,59.93974575
1576634400,4380,4400,4350,4400,4178.4,4120.5,4204.5,4322,158345700,95590525,95.3030303,92.88239538,100,100,70.4031,62.06112845
1576720800,4350,4370,4320,4350,4180.8,4122.833333,4211,4342,94017600,94581820,87.91666667,92.14646465,93.07606665,97.69202222,70.4031,58.78437603
1576807200,4350,4370,4320,4360,4183.35,4125.833333,4218.5,4358,156213900,98657695,77.46212121,86.89393939,87.10954934,93.39520533,70.4031,59.2374733
1577066400,4450,4470,4360,4450,4186.25,4131.333333,4234.5,4382,123276700,101991840,73.54055258,79.63978015,87.10954934,89.09838845,70.4031,63.08235083
1577325600,4420,4450,4400,4410,4188.9,4137,4247.5,4394,50234000,93399695,70.62388592,73.8755199,88.74249948,87.65386605,70.4031,60.41629418
1577412000,4380,4440,4380,4430,4191.75,4145.333333,4260.5,4400,56465900,92908920,73.85620915,72.67354922,91.12740682,88.99315188,70.4031,61.27762481
1577671200,4450,4450,4360,4400,4194.25,4155.166667,4278,4410,66440200,93144930,62.22222222,68.90077243,82.41699564,87.42896731,70.4031,59.24221264
1577930400,4400,4410,4360,4410,4197.05,4162.833333,4294,4420,41714100,92020675,57.37373737,64.48405625,79.05747454,84.20062567,70.4031,59.71176479
1578016800,4420,4440,4390,4420,4199.9,4171.5,4304.5,4414,82898300,93395745,55.15151515,58.24915825,75.22745925,78.90064314,70.4031,60.19448213
1578276000,4360,4390,4320,4370,4202.6,4178.833333,4314.5,4406,44225100,93421115,50.19425019,54.23983424,67.3620243,73.88231936,70.4031,56.62373134
1578362400,4410,4410,4380,4400,4205.6,4186.166667,4328,4400,103948100,96087460,55.55555556,53.63377363,61.7535764,68.11435332,70.4031,58.1901544
1578448800,4380,4400,4340,4380,4208.15,4194.333333,4336,4396,171751200,101035815,50,51.91660192,50.71439232,59.94333101,70.4031,56.75194293
1578535200,4400,4420,4370,4400,4210.25,4202.333333,4347.5,4394,72072000,101279285,59.4017094,54.98575499,52.03571486,54.8345612,70.4031,57.84857734
1578621600,4430,4430,4390,4410,4212.1,4210.5,4359,4392,124809200,105127795,66.16161616,58.52110852,52.65814897,51.80275205,70.4031,58.40370935
1578880800,4430,4510,4420,4510,4214.7,4220,4376,4420,111351400,106694800,82.82828283,69.46386946,71.1089583,58.60094071,70.4031,63.46815623
1578967200,4540,4600,4520,4570,4217.65,4229.666667,4394,4454,158414200,111467380,90.09324009,79.69437969,86.36348191,70.04352973,70.4031,66.07672804
1579053600,4570,4580,4530,4580,4220.65,4238.5,4410.5,4494,102566700,110318165,93.25529543,88.72560612,100,85.82414674,70.4031,66.49643614
1579140000,4570,4590,4510,4570,4223.2,4245.166667,4425,4528,133986100,108636640,88.49339067,90.6139754,97.11366005,94.49238065,70.4031,65.64155667
1579226400,4620,4630,4600,4620,4226.3,4253.5,4439.5,4570,30163900,101197060,90.75224293,90.83364301,97.11366005,98.07577337,70.4031,67.81902626
